zipcode,accommodates,bathrooms,bedrooms,beds,price,review_scores_rating
98119,4,1.0,1.0,1.0,85.0,95.0
98119,4,1.0,1.0,1.0,150.0,96.0
98119,11,4.5,5.0,7.0,975.0,97.0
98119,6,2.0,3.0,3.0,450.0,92.0
98119,2,1.0,1.0,1.0,120.0,95.0
98119,2,1.0,1.0,1.0,80.0,99.0
98119,2,1.0,1.0,1.0,60.0,97.0
98109,2,1.0,1.0,1.0,90.0,97.0
98119,4,1.0,1.0,1.0,150.0,97.0
98119,2,1.0,1.0,1.0,95.0,97.0
98119,2,1.0,1.0,1.0,99.0,97.0
98119,4,1.0,2.0,3.0,245.0,98.0
98119,5,1.0,2.0,3.0,165.0,100.0
98119,16,3.5,6.0,15.0,461.0,98.0
98119,5,1.0,2.0,2.0,109.0,80.0
98119,2,1.0,1.0,1.0,66.0,95.0
98119,2,1.0,1.0,1.0,99.0,98.0
98119,10,3.5,5.0,5.0,700.0,85.0
98119,1,1.0,1.0,1.0,110.0,100.0
98119,3,1.5,1.0,2.0,99.0,84.0
98119,8,2.0,4.0,4.0,450.0,100.0
98119,5,2.5,3.0,3.0,600.0,100.0
98119,8,2.5,3.0,5.0,450.0,100.0
98119,2,1.0,1.0,1.0,45.0,95.0
98119,6,2.0,3.0,3.0,300.0,100.0
98119,3,1.0,1.0,2.0,80.0,85.0
98119,4,1.0,1.0,1.0,175.0,96.0
98119,6,1.5,3.0,3.0,325.0,92.0
98119,4,3.0,3.0,2.0,175.0,88.0
98119,7,3.5,4.0,3.0,222.0,75.0
98119,4,1.0,2.0,2.0,159.0,97.0
98119,4,1.0,1.0,2.0,125.0,95.0
98119,8,3.0,3.0,3.0,348.0,96.0
98119,1,1.0,1.0,1.0,45.0,97.0
98119,4,1.0,1.0,2.0,150.0,100.0
98109,2,1.0,0.0,1.0,80.0,98.0
98119,4,1.0,1.0,2.0,110.0,90.0
98119,3,1.0,1.0,2.0,148.0,91.0
98119,4,1.5,2.0,2.0,350.0,98.0
98119,3,1.5,1.0,2.0,150.0,98.0
98109,5,1.0,1.0,1.0,150.0,100.0
98119,2,1.0,0.0,1.0,100.0,92.0
98119,2,1.0,0.0,1.0,110.0,100.0
98119,4,1.0,1.0,2.0,160.0,100.0
98119,4,1.0,1.0,3.0,130.0,95.0
98119,2,1.0,0.0,1.0,99.0,100.0
98119,3,1.0,1.0,1.0,137.0,100.0
98119,2,1.0,1.0,1.0,145.0,94.0
98119,2,1.0,1.0,1.0,80.0,100.0
98119,2,1.0,0.0,1.0,95.0,98.0
98119,2,2.0,1.0,1.0,85.0,100.0
98119,2,1.0,1.0,1.0,70.0,100.0
98119,2,1.0,0.0,1.0,90.0,97.0
98119,2,1.0,1.0,1.0,80.0,92.0
98119,2,1.0,1.0,2.0,60.0,97.0
98107,6,2.5,3.0,4.0,170.0,91.0
98107,2,1.0,1.0,1.0,85.0,98.0
98107,12,3.5,5.0,7.0,465.0,96.0
98107,2,1.0,1.0,1.0,175.0,96.0
98107,2,1.0,1.0,1.0,59.0,93.0
98107,4,1.0,1.0,4.0,47.0,77.0
98107,4,1.0,2.0,2.0,145.0,97.0
98107,2,1.0,1.0,1.0,70.0,94.0
98107,2,1.0,1.0,1.0,55.0,94.0
98107,4,1.0,1.0,2.0,95.0,97.0
98107,2,1.0,1.0,1.0,125.0,92.0
98107,2,1.0,1.0,1.0,65.0,94.0
98107,6,1.0,3.0,4.0,149.0,95.0
98107,2,1.5,1.0,1.0,125.0,100.0
98107,4,1.0,1.0,3.0,129.0,100.0
98107,4,2.0,2.0,2.0,150.0,93.0
98107,2,1.5,1.0,1.0,150.0,98.0
98117,5,1.5,2.0,2.0,80.0,95.0
98107,2,1.0,1.0,1.0,126.0,98.0
98107,4,1.0,1.0,2.0,115.0,96.0
98107,4,2.0,2.0,2.0,225.0,98.0
98107,2,1.0,1.0,1.0,89.0,97.0
98107,8,2.5,3.0,5.0,225.0,100.0
98107,4,1.0,1.0,2.0,134.0,98.0
98107,2,1.0,1.0,1.0,75.0,80.0
98107,2,1.0,1.0,1.0,65.0,97.0
98107,6,2.5,3.0,4.0,375.0,96.0
98107,3,1.0,1.0,2.0,97.0,98.0
98107,2,1.0,1.0,1.0,145.0,97.0
98107,5,1.0,2.0,4.0,129.0,100.0
98107,6,1.5,3.0,4.0,197.0,100.0
98107,2,1.0,1.0,1.0,120.0,99.0
98107,4,1.0,1.0,1.0,200.0,95.0
98117,5,2.0,2.0,2.0,135.0,100.0
98107,2,1.0,1.0,1.0,70.0,95.0
98107,2,1.0,1.0,2.0,150.0,97.0
98107,3,1.0,1.0,1.0,200.0,95.0
98107,2,1.0,1.0,1.0,60.0,98.0
98107,5,3.0,3.0,5.0,180.0,100.0
98107,3,1.0,1.0,1.0,69.0,100.0
98107,3,1.0,0.0,1.0,90.0,100.0
98107,2,1.0,1.0,1.0,80.0,92.0
98107,5,1.5,2.0,2.0,150.0,94.0
98107,6,1.5,2.0,3.0,195.0,94.0
98107,5,3.0,2.0,2.0,224.0,96.0
98107,3,1.0,2.0,2.0,115.0,91.0
98107,2,1.0,1.0,1.0,55.0,94.0
98107,8,2.5,4.0,5.0,338.0,97.0
98107,2,1.0,1.0,1.0,79.0,97.0
98107,2,1.0,1.0,1.0,80.0,96.0
98107,2,1.0,0.0,1.0,85.0,95.0
98107,2,1.0,1.0,1.0,80.0,98.0
98107,3,1.0,1.0,1.0,49.0,90.0
98107,4,2.5,3.0,2.0,100.0,90.0
98107,2,1.0,1.0,1.0,79.0,85.0
98107,2,1.0,0.0,1.0,75.0,96.0
98107,2,1.0,1.0,1.0,57.0,96.0
98107,4,1.0,1.0,2.0,99.0,89.0
98107,1,1.0,1.0,1.0,55.0,100.0
98107,2,1.0,1.0,1.0,96.0,92.0
98107,4,1.0,1.0,1.0,99.0,94.0
98107,4,1.0,2.0,2.0,79.0,95.0
98107,2,1.0,1.0,1.0,115.0,99.0
98107,10,2.5,3.0,5.0,350.0,98.0
98107,6,3.0,3.0,3.0,295.0,93.0
98107,2,1.5,1.0,1.0,70.0,98.0
98117,2,1.0,1.0,1.0,53.0,99.0
98107,4,1.0,2.0,2.0,110.0,71.0
98107,4,1.0,2.0,2.0,225.0,95.0
98107,2,1.5,1.0,1.0,35.0,97.0
98107,2,1.0,1.0,1.0,55.0,97.0
98107,2,1.5,1.0,1.0,45.0,90.0
98107,8,1.0,2.0,6.0,133.0,95.0
98107,2,1.0,1.0,1.0,65.0,96.0
98107,1,2.0,1.0,1.0,61.0,80.0
98107,2,1.0,1.0,1.0,70.0,90.0
98107,1,1.0,1.0,1.0,52.0,97.0
98107,2,1.0,1.0,1.0,50.0,100.0
98107,2,1.0,1.0,1.0,149.0,99.0
98107,2,1.0,1.0,1.0,89.0,97.0
98107,3,1.0,1.0,2.0,120.0,97.0
98107,2,1.0,0.0,1.0,85.0,98.0
98107,4,1.5,1.0,2.0,80.0,100.0
98107,3,1.0,1.0,3.0,89.0,95.0
98107,4,1.0,1.0,1.0,99.0,92.0
98107,4,1.0,1.0,3.0,110.0,97.0
98107,6,1.0,2.0,3.0,180.0,96.0
98107,4,1.0,1.0,2.0,70.0,100.0
98107,1,1.0,1.0,1.0,75.0,89.0
98107,4,1.0,2.0,2.0,85.0,97.0
98107,2,1.0,1.0,1.0,80.0,95.0
98107,3,1.0,1.0,1.0,90.0,100.0
98107,2,1.0,1.0,1.0,80.0,98.0
98107,2,1.0,0.0,1.0,75.0,95.0
98107,2,1.0,1.0,1.0,70.0,85.0
98107,8,3.5,4.0,4.0,350.0,100.0
98107,4,1.0,0.0,1.0,95.0,99.0
98107,2,1.0,1.0,1.0,90.0,99.0
98107,12,2.0,4.0,5.0,435.0,84.0
98107,6,1.5,3.0,3.0,250.0,100.0
98107,2,1.0,1.0,1.0,65.0,95.0
98107,3,1.0,1.0,1.0,95.0,97.0
98107,3,1.0,1.0,2.0,110.0,97.0
98107,3,1.0,1.0,2.0,50.0,100.0
98107,2,1.0,1.0,1.0,100.0,97.0
98107,5,1.0,1.0,3.0,116.0,98.0
98107,4,1.0,1.0,2.0,150.0,100.0
98107,8,2.0,3.0,3.0,275.0,95.0
98107,6,2.0,3.0,3.0,180.0,96.0
98107,2,1.0,1.0,1.0,97.0,96.0
98109,2,1.0,1.0,1.0,120.0,100.0
98109,2,1.0,1.0,1.0,109.0,96.0
98109,2,1.0,1.0,1.0,115.0,92.0
98109,2,1.0,1.0,1.0,199.0,97.0
98109,2,1.0,1.0,1.0,150.0,100.0
98109,6,2.5,3.0,4.0,250.0,98.0
98109,2,1.0,1.0,1.0,39.0,100.0
98109,4,1.0,1.0,1.0,69.0,90.0
98109,4,1.0,1.0,2.0,145.0,91.0
98109,5,1.0,1.0,4.0,98.0,97.0
98109,4,1.0,1.0,1.0,130.0,100.0
98109,4,1.0,1.0,2.0,85.0,96.0
98109,1,1.0,1.0,1.0,85.0,90.0
98109,4,1.0,1.0,2.0,150.0,88.0
98109,6,2.0,3.0,3.0,190.0,93.0
98109,2,1.0,1.0,1.0,68.0,94.0
98109,2,1.5,1.0,1.0,149.0,96.0
98109,10,2.0,2.0,5.0,349.0,92.0
98109,2,1.0,1.0,1.0,105.0,100.0
98109,4,1.5,1.0,2.0,145.0,100.0
98109,2,1.0,1.0,1.0,150.0,98.0
98109,4,2.0,2.0,1.0,275.0,100.0
98109,4,1.0,2.0,3.0,165.0,97.0
98109,5,2.0,3.0,3.0,196.0,100.0
98109,4,1.0,1.0,2.0,195.0,82.0
98109,4,2.0,2.0,2.0,200.0,89.0
98109,2,1.5,1.0,1.0,90.0,97.0
98109,2,1.0,1.0,1.0,125.0,92.0
98109,8,1.5,3.0,5.0,250.0,90.0
98109,2,1.5,1.0,1.0,130.0,98.0
98109,2,1.0,1.0,1.0,209.0,100.0
98109,4,1.0,1.0,2.0,110.0,97.0
98109,4,1.0,1.0,2.0,90.0,96.0
98109,2,1.0,1.0,1.0,90.0,97.0
98109,2,1.0,1.0,1.0,130.0,100.0
98109,2,1.0,1.0,1.0,175.0,100.0
98109,8,3.5,3.0,3.0,749.0,100.0
98109,4,2.0,2.0,2.0,115.0,100.0
98109,4,1.5,2.0,2.0,165.0,98.0
98119,2,1.0,0.0,1.0,80.0,100.0
98109,6,2.0,3.0,4.0,285.0,96.0
98109,2,1.0,1.0,1.0,80.0,100.0
98109,2,1.0,1.0,1.0,68.0,95.0
98109,4,1.0,1.0,2.0,125.0,97.0
98109,2,1.0,1.0,1.0,110.0,93.0
98109,7,4.0,3.0,3.0,600.0,100.0
98109,4,2.0,2.0,2.0,235.0,100.0
98109,4,1.0,1.0,2.0,75.0,100.0
98109,2,1.0,1.0,1.0,95.0,80.0
98109,4,1.0,1.0,2.0,103.0,95.0
98109,2,1.0,1.0,1.0,120.0,98.0
98109,2,1.0,1.0,1.0,99.0,97.0
98109,2,1.0,1.0,1.0,142.0,99.0
98109,2,1.0,1.0,2.0,150.0,93.0
98109,6,2.0,3.0,3.0,295.0,95.0
98109,6,3.5,4.0,4.0,335.0,100.0
98109,6,1.5,3.0,3.0,250.0,100.0
98109,8,3.0,4.0,5.0,499.0,99.0
98109,8,2.0,3.0,4.0,350.0,96.0
98109,3,1.0,1.0,2.0,156.0,98.0
98109,4,1.0,2.0,3.0,200.0,91.0
98119,4,2.0,2.0,2.0,180.0,100.0
98109,3,1.0,1.0,1.0,103.0,100.0
98109,2,1.0,1.0,1.0,99.0,94.0
98109,3,1.0,1.0,1.0,94.0,87.0
98109,4,1.0,1.0,1.0,160.0,92.0
98109,4,1.0,1.0,2.0,129.0,96.0
98109,4,1.0,1.0,2.0,219.0,96.0
98109,4,1.0,1.0,1.0,91.0,92.0
98109,4,1.0,1.0,2.0,75.0,95.0
98109,2,1.0,0.0,1.0,99.0,99.0
98103,5,1.5,3.0,3.0,300.0,100.0
98103,6,1.0,2.0,3.0,149.0,96.0
98103,3,1.0,1.0,2.0,95.0,95.0
98103,2,1.0,1.0,1.0,100.0,97.0
98103,6,2.0,3.0,2.0,250.0,100.0
98103,2,2.0,1.0,1.0,105.0,100.0
98105,2,1.0,1.0,1.0,74.0,87.0
98103,2,1.0,1.0,1.0,140.0,99.0
98105,4,1.0,1.0,1.0,130.0,97.0
98105,2,1.0,1.0,1.0,110.0,96.0
98103,8,2.0,4.0,4.0,199.0,84.0
98103,6,1.5,2.0,3.0,209.0,96.0
98103,4,1.0,0.0,2.0,100.0,97.0
98103,4,1.0,1.0,1.0,110.0,96.0
98103,2,1.0,1.0,2.0,104.0,96.0
98103,4,2.0,2.0,2.0,200.0,100.0
98103,4,1.0,0.0,2.0,99.0,100.0
98103,2,1.0,1.0,1.0,90.0,97.0
98105,6,1.0,2.0,3.0,135.0,97.0
98103,6,1.0,2.0,3.0,122.0,96.0
98103,2,1.0,0.0,1.0,80.0,93.0
98103,4,1.0,2.0,2.0,158.0,80.0
98103,4,1.0,1.0,1.0,90.0,92.0
98103,3,1.0,1.0,2.0,100.0,100.0
98103,4,1.0,1.0,2.0,89.0,95.0
98103,4,1.0,2.0,2.0,125.0,93.0
98103,2,1.0,1.0,1.0,42.0,100.0
98103,2,1.0,1.0,1.0,65.0,97.0
98103,4,1.0,1.0,2.0,100.0,94.0
98103,2,1.0,1.0,2.0,40.0,95.0
98105,2,1.5,1.0,1.0,70.0,100.0
98103,4,1.0,1.0,1.0,110.0,94.0
98103,4,1.0,2.0,3.0,99.0,96.0
98103,6,3.0,3.0,3.0,680.0,100.0
98105,6,1.5,3.0,4.0,195.0,100.0
98103,2,2.0,1.0,1.0,55.0,97.0
98103,4,1.0,1.0,1.0,119.0,92.0
98115,5,2.0,3.0,3.0,175.0,99.0
98103,2,1.0,1.0,1.0,65.0,100.0
98103,2,1.0,1.0,1.0,75.0,93.0
98103,4,1.0,2.0,2.0,126.0,95.0
98103,2,1.0,1.0,1.0,70.0,99.0
98103,2,1.0,1.0,1.0,90.0,100.0
98103,2,1.0,1.0,1.0,129.0,87.0
98105,12,2.0,5.0,6.0,225.0,92.0
98103,1,1.0,1.0,1.0,40.0,93.0
98103,1,1.0,1.0,1.0,50.0,100.0
98103,1,1.0,1.0,1.0,40.0,94.0
98103,1,1.0,1.0,1.0,40.0,80.0
98103,4,1.0,2.0,2.0,95.0,97.0
98103,6,1.0,2.0,4.0,175.0,97.0
98105,6,1.0,2.0,4.0,160.0,93.0
98103,1,1.0,1.0,1.0,40.0,90.0
98103,2,1.0,1.0,1.0,120.0,96.0
98103,4,1.0,1.0,2.0,66.0,96.0
98103,2,1.0,1.0,1.0,55.0,96.0
98105,2,1.0,0.0,1.0,85.0,98.0
98103,6,1.0,2.0,3.0,175.0,90.0
98103,2,1.0,1.0,1.0,105.0,80.0
98103,3,1.0,1.0,3.0,55.0,95.0
98103,5,1.0,2.0,2.0,150.0,97.0
98103,1,1.0,1.0,1.0,40.0,93.0
98103,2,2.0,1.0,2.0,59.0,93.0
98105,2,1.0,1.0,1.0,80.0,73.0
98103,5,1.0,2.0,3.0,200.0,80.0
98103,3,1.0,0.0,1.0,60.0,91.0
98103,2,1.0,1.0,1.0,59.0,93.0
98105,8,3.0,4.0,5.0,575.0,100.0
98103,1,1.0,1.0,1.0,40.0,93.0
98103,2,1.0,1.0,1.0,139.0,92.0
98103,4,1.0,1.0,2.0,70.0,95.0
98103,4,1.0,1.0,1.0,85.0,94.0
98103,2,1.5,1.0,1.0,70.0,97.0
98105,6,1.0,2.0,4.0,166.0,90.0
98103,4,1.0,1.0,2.0,99.0,97.0
98103,2,1.0,1.0,1.0,110.0,92.0
98103,4,1.0,1.0,2.0,100.0,97.0
98103,7,1.0,3.0,4.0,250.0,88.0
98103,4,1.0,1.0,2.0,150.0,90.0
98105,5,1.0,1.0,2.0,200.0,100.0
98103,2,1.0,1.0,1.0,95.0,80.0
98103,1,1.0,1.0,1.0,40.0,84.0
98103,4,1.0,2.0,2.0,215.0,92.0
98103,2,1.0,1.0,1.0,110.0,97.0
98105,5,1.0,3.0,3.0,249.0,80.0
98103,8,2.0,3.0,3.0,295.0,97.0
98103,2,1.0,1.0,1.0,90.0,93.0
98103,2,1.0,0.0,1.0,85.0,88.0
98103,1,1.0,1.0,1.0,40.0,80.0
98103,2,1.5,1.0,1.0,40.0,96.0
98103,8,2.0,4.0,4.0,245.0,100.0
98103,2,1.0,1.0,1.0,130.0,90.0
98105,4,1.5,3.0,2.0,210.0,93.0
98105,6,2.5,2.0,3.0,439.0,91.0
98105,3,1.0,1.0,1.0,95.0,90.0
98105,4,1.0,2.0,3.0,109.0,99.0
98103,1,1.0,1.0,1.0,40.0,88.0
98103,4,1.0,2.0,1.0,175.0,95.0
98105,3,1.0,1.0,2.0,80.0,96.0
98105,2,1.0,1.0,1.0,105.0,100.0
98103,4,1.0,2.0,3.0,100.0,98.0
98103,1,1.0,1.0,1.0,40.0,94.0
98105,6,1.0,2.0,4.0,160.0,98.0
98103,2,1.0,1.0,1.0,55.0,94.0
98103,3,1.0,1.0,2.0,55.0,93.0
98103,2,2.5,1.0,1.0,150.0,100.0
98105,6,1.0,2.0,2.0,95.0,93.0
98103,4,1.0,2.0,2.0,155.0,80.0
98105,2,1.0,1.0,1.0,55.0,99.0
98103,1,1.0,1.0,1.0,40.0,95.0
98103,7,2.0,3.0,5.0,250.0,93.0
98103,2,1.0,0.0,1.0,145.0,96.0
98103,2,1.0,1.0,1.0,54.0,91.0
98103,4,1.0,1.0,1.0,99.0,100.0
98103,8,3.0,3.0,3.0,254.0,97.0
98115,3,1.0,0.0,2.0,100.0,97.0
98105,2,1.0,1.0,1.0,65.0,99.0
98103,4,1.0,2.0,2.0,150.0,99.0
98103,2,1.0,1.0,1.0,140.0,100.0
98103,3,1.0,1.0,2.0,45.0,97.0
98105,3,1.0,1.0,2.0,74.0,89.0
98105,2,1.0,1.0,2.0,60.0,80.0
98103,4,1.0,1.0,1.0,135.0,99.0
98103,2,1.0,1.0,1.0,85.0,100.0
98103,8,2.0,3.0,3.0,310.0,95.0
98103,1,1.0,1.0,1.0,40.0,87.0
98103,8,2.5,3.0,3.0,245.0,95.0
98103,2,1.5,1.0,1.0,65.0,100.0
98103,2,1.0,1.0,1.0,57.0,92.0
98105,2,1.0,0.0,1.0,75.0,100.0
98103,3,1.0,0.0,1.0,120.0,98.0
98103,6,1.0,1.0,6.0,120.0,88.0
98103,2,1.0,1.0,1.0,40.0,100.0
98103,12,3.0,6.0,6.0,490.0,99.0
98115,2,1.0,1.0,1.0,50.0,100.0
98103,6,1.0,2.0,2.0,200.0,96.0
98103,1,1.0,1.0,1.0,40.0,100.0
98103,2,1.0,1.0,1.0,95.0,97.0
98103,2,1.0,1.0,1.0,160.0,80.0
98103,2,2.0,1.0,1.0,55.0,95.0
98103,2,1.0,1.0,1.0,85.0,100.0
98103,5,1.0,2.0,3.0,144.0,96.0
98105,4,1.0,0.0,2.0,115.0,95.0
98103,2,2.0,1.0,1.0,55.0,98.0
98103,3,1.0,1.0,1.0,95.0,98.0
98109,4,1.0,1.0,2.0,95.0,93.0
98119,2,1.0,1.0,1.0,50.0,80.0
98119,6,2.5,3.0,2.0,445.0,100.0
98119,2,1.0,1.0,1.0,75.0,97.0
98119,4,1.0,2.0,2.0,100.0,100.0
98109,2,1.0,1.0,1.0,130.0,80.0
98109,5,3.0,3.0,3.0,235.0,96.0
98109,4,1.0,1.0,1.0,100.0,80.0
98119,2,1.0,1.0,1.0,120.0,80.0
98119,4,1.0,0.0,2.0,80.0,100.0
98119,5,1.0,2.0,3.0,110.0,97.0
98119,9,3.0,4.0,5.0,395.0,100.0
98119,2,1.0,1.0,1.0,88.0,94.0
98119,2,1.0,1.0,1.0,55.0,97.0
98119,2,1.0,0.0,1.0,145.0,97.0
98119,6,2.0,3.0,3.0,425.0,96.0
98119,2,1.0,1.0,1.0,114.0,95.0
98109,3,1.0,1.0,1.0,110.0,98.0
98119,5,2.0,2.0,4.0,300.0,100.0
98119,2,1.0,1.0,1.0,117.0,97.0
98119,4,1.0,2.0,2.0,275.0,99.0
98109,2,1.5,1.0,1.0,85.0,98.0
98119,2,1.0,1.0,1.0,53.0,96.0
98119,4,1.0,2.0,2.0,107.0,94.0
98119,6,2.0,2.0,2.0,348.0,100.0
98119,4,1.0,2.0,3.0,89.0,94.0
98119,7,1.0,3.0,3.0,89.0,99.0
98119,2,1.0,1.0,1.0,89.0,98.0
98119,2,1.0,1.0,1.0,76.0,95.0
98119,4,1.0,2.0,2.0,74.0,89.0
98109,4,1.0,2.0,2.0,180.0,94.0
98119,5,1.0,2.0,2.0,179.0,97.0
98119,4,1.0,2.0,3.0,115.0,95.0
98109,5,1.0,2.0,2.0,140.0,97.0
98119,4,1.5,2.0,4.0,150.0,100.0
98109,3,1.0,1.0,2.0,70.0,92.0
98109,6,2.0,3.0,3.0,300.0,83.0
98119,1,1.0,1.0,1.0,99.0,100.0
98109,4,1.0,2.0,2.0,89.0,100.0
98119,2,1.5,1.0,1.0,84.0,93.0
98119,3,1.0,1.0,1.0,97.0,98.0
98119,4,1.0,2.0,2.0,116.0,100.0
98119,2,1.0,1.0,1.0,150.0,96.0
98119,4,1.0,2.0,2.0,110.0,97.0
98109,8,2.5,3.0,4.0,265.0,95.0
98119,6,1.0,2.0,2.0,115.0,88.0
98115,2,1.0,1.0,1.0,109.0,98.0
98103,2,1.5,1.0,1.0,60.0,86.0
98103,6,3.0,3.0,3.0,249.0,93.0
98103,7,3.0,3.0,3.0,250.0,100.0
98115,4,2.0,3.0,1.0,100.0,91.0
98115,2,1.0,0.0,1.0,74.0,100.0
98115,4,1.0,2.0,2.0,235.0,100.0
98103,5,1.0,2.0,2.0,99.0,95.0
98103,3,1.0,1.0,1.0,96.0,92.0
98103,4,1.0,1.0,2.0,92.0,94.0
98103,4,1.0,1.0,2.0,85.0,97.0
98115,4,1.0,1.0,2.0,55.0,96.0
98115,4,1.0,1.0,1.0,55.0,92.0
98115,2,1.0,1.0,1.0,80.0,80.0
98103,6,1.0,2.0,3.0,145.0,97.0
98103,4,1.0,2.0,2.0,180.0,100.0
98115,5,1.0,2.0,3.0,140.0,100.0
98103,2,1.0,1.0,1.0,140.0,97.0
98115,2,1.0,1.0,1.0,40.0,97.0
98103,2,1.0,1.0,1.0,145.0,100.0
98103,4,1.0,2.0,2.0,225.0,94.0
98103,4,1.0,2.0,2.0,175.0,96.0
98103,12,3.0,6.0,6.0,550.0,100.0
98115,2,1.0,1.0,1.0,130.0,100.0
98115,4,1.0,3.0,3.0,300.0,100.0
98103,6,1.5,3.0,3.0,79.0,97.0
98115,2,1.0,1.0,1.0,59.0,89.0
98115,2,1.0,1.0,1.0,140.0,95.0
98103,2,1.5,1.0,1.0,60.0,97.0
98115,5,1.5,2.0,2.0,100.0,98.0
98103,2,1.5,1.0,1.0,40.0,96.0
98103,4,1.0,1.0,2.0,99.0,93.0
98103,2,1.5,1.0,1.0,45.0,93.0
98103,3,1.0,1.0,2.0,75.0,98.0
98103,2,1.0,0.0,1.0,119.0,96.0
98103,2,1.0,1.0,2.0,99.0,80.0
98115,6,1.0,3.0,3.0,225.0,90.0
98115,2,1.0,1.0,1.0,85.0,100.0
98115,6,1.5,3.0,3.0,335.0,98.0
98115,2,1.0,1.0,1.0,79.0,100.0
98103,2,1.0,1.0,1.0,90.0,96.0
98103,2,1.5,1.0,1.0,111.0,94.0
98103,4,1.0,1.0,2.0,110.0,88.0
98103,8,2.0,3.0,2.0,325.0,93.0
98109,2,1.0,1.0,1.0,85.0,100.0
98109,2,1.0,1.0,1.0,190.0,100.0
98109,5,2.0,2.0,2.0,400.0,76.0
98109,4,1.0,1.0,2.0,141.0,94.0
98109,2,1.0,0.0,1.0,85.0,100.0
98109,8,4.0,4.0,6.0,775.0,98.0
98109,2,1.0,1.0,1.0,95.0,97.0
98109,3,1.0,1.0,1.0,122.0,100.0
98109,4,1.0,2.0,2.0,170.0,100.0
98109,2,1.0,1.0,1.0,65.0,100.0
98122,2,1.0,1.0,1.0,88.0,98.0
98122,5,1.0,2.0,2.0,125.0,95.0
98112,5,2.0,2.0,2.0,145.0,93.0
98122,6,3.5,3.0,3.0,275.0,100.0
98122,1,1.0,1.0,1.0,60.0,94.0
98122,2,1.0,1.0,1.0,95.0,94.0
98122,2,1.0,0.0,1.0,140.0,88.0
98112,6,2.0,2.0,3.0,250.0,97.0
98122,5,1.0,2.0,3.0,225.0,95.0
98122,2,1.0,1.0,1.0,65.0,94.0
98122,2,1.0,1.0,1.0,78.0,100.0
98122,2,1.0,1.0,1.0,59.0,80.0
98122,2,1.0,1.0,1.0,55.0,90.0
98122,2,1.0,1.0,1.0,129.0,98.0
98122,2,1.0,1.0,1.0,65.0,96.0
98122,6,2.0,3.0,3.0,160.0,100.0
98122,2,1.0,1.0,1.0,75.0,88.0
98122,2,1.0,1.0,1.0,80.0,98.0
98122,2,1.0,1.0,1.0,95.0,94.0
98122,2,1.0,0.0,1.0,85.0,98.0
98122,6,1.0,2.0,4.0,99.0,89.0
98122,2,1.0,1.0,1.0,90.0,100.0
98122,4,1.5,1.0,2.0,73.0,92.0
98112,6,2.0,2.0,2.0,170.0,96.0
98122,2,1.5,1.0,1.0,48.0,99.0
98112,2,2.0,1.0,1.0,90.0,98.0
98122,3,1.0,1.0,2.0,82.0,95.0
98122,4,1.0,2.0,2.0,199.0,100.0
98122,2,1.0,1.0,1.0,105.0,96.0
98122,8,2.0,2.0,2.0,250.0,80.0
98122,2,1.0,1.0,1.0,75.0,98.0
98122,3,1.0,1.0,1.0,95.0,96.0
98112,4,1.0,1.0,2.0,150.0,98.0
98122,2,1.0,1.0,1.0,65.0,90.0
98122,3,1.0,1.0,1.0,120.0,100.0
98122,5,1.5,2.0,2.0,300.0,100.0
98122,2,1.0,1.0,1.0,89.0,98.0
98112,2,1.0,1.0,1.0,109.0,95.0
98122,3,1.0,1.0,1.0,75.0,100.0
98122,6,1.0,2.0,3.0,99.0,84.0
98112,5,2.5,3.0,3.0,150.0,97.0
98122,6,1.5,3.0,4.0,175.0,100.0
98122,4,1.0,1.0,2.0,120.0,98.0
98112,2,1.0,1.0,1.0,45.0,100.0
98122,7,1.5,2.0,5.0,150.0,100.0
98112,2,1.5,1.0,1.0,50.0,98.0
98122,2,1.0,1.0,1.0,129.0,88.0
98122,6,3.5,3.0,3.0,295.0,96.0
98122,2,1.0,1.0,1.0,99.0,100.0
98122,6,2.5,2.0,3.0,175.0,95.0
98122,5,2.0,2.0,3.0,150.0,80.0
98122,2,1.0,1.0,1.0,109.0,100.0
98122,4,1.0,1.0,2.0,85.0,95.0
98122,3,1.0,1.0,1.0,80.0,94.0
98122,2,1.0,1.0,1.0,85.0,98.0
98122,4,2.0,2.0,2.0,200.0,100.0
98112,2,1.0,1.0,1.0,169.0,97.0
98122,4,1.0,1.0,2.0,130.0,98.0
98122,2,1.0,1.0,1.0,79.0,97.0
98112,1,1.0,1.0,1.0,125.0,98.0
98122,2,1.0,1.0,1.0,80.0,97.0
98122,2,1.0,1.0,1.0,66.0,100.0
98122,2,1.0,1.0,1.0,97.0,98.0
98122,2,1.0,1.0,1.0,58.0,100.0
98122,10,3.5,5.0,7.0,350.0,93.0
98122,4,1.5,2.0,2.0,375.0,100.0
98122,6,2.0,3.0,5.0,240.0,93.0
98122,5,1.0,2.0,2.0,189.0,100.0
98122,6,3.5,4.0,5.0,250.0,100.0
98122,6,1.0,2.0,2.0,125.0,99.0
98122,7,1.5,0.0,2.0,155.0,100.0
98122,8,3.0,4.0,5.0,195.0,80.0
98122,3,1.0,1.0,2.0,69.0,96.0
98122,3,1.0,0.0,1.0,200.0,93.0
98122,4,1.0,2.0,2.0,75.0,97.0
98112,2,1.0,0.0,1.0,135.0,95.0
98122,2,1.0,1.0,1.0,85.0,100.0
98122,4,1.0,2.0,2.0,110.0,100.0
98122,4,1.0,1.0,2.0,110.0,94.0
98122,5,1.0,2.0,2.0,250.0,100.0
98122,2,1.0,1.0,1.0,85.0,98.0
98122,1,1.5,1.0,1.0,50.0,89.0
98122,2,1.0,1.0,1.0,78.0,95.0
98122,2,1.0,1.0,1.0,95.0,94.0
98122,2,1.5,1.0,1.0,95.0,100.0
98122,6,2.5,3.0,2.0,175.0,100.0
98122,2,1.0,1.0,1.0,90.0,100.0
98122,1,1.0,1.0,1.0,68.0,100.0
98122,4,1.0,1.0,1.0,74.0,100.0
98122,4,2.0,3.0,3.0,500.0,93.0
98122,4,1.0,1.0,2.0,115.0,100.0
98112,4,1.0,1.0,2.0,115.0,97.0
98122,2,1.0,1.0,1.0,125.0,99.0
98122,8,3.0,3.0,4.0,350.0,100.0
98122,6,1.0,2.0,3.0,140.0,94.0
98105,2,1.0,1.0,1.0,80.0,94.0
98105,5,2.0,2.0,2.0,145.0,87.0
98105,6,1.0,1.0,3.0,150.0,93.0
98105,1,1.0,1.0,1.0,65.0,100.0
98105,3,1.0,1.0,1.0,65.0,92.0
98105,2,1.0,1.0,1.0,41.0,93.0
98105,2,1.0,1.0,1.0,59.0,95.0
98105,2,1.0,1.0,1.0,47.0,94.0
98105,2,1.0,1.0,1.0,65.0,94.0
98105,2,1.0,1.0,1.0,41.0,100.0
98105,1,1.0,1.0,1.0,35.0,80.0
98105,2,1.0,1.0,1.0,43.0,87.0
98105,2,1.0,1.0,1.0,44.0,96.0
98105,2,1.0,1.0,1.0,45.0,83.0
98115,2,1.0,2.0,2.0,98.0,100.0
98105,2,1.0,0.0,1.0,109.0,80.0
98105,3,1.0,1.0,1.0,75.0,100.0
98105,2,1.0,0.0,1.0,88.0,93.0
98105,2,1.0,0.0,1.0,98.0,78.0
98105,4,1.0,1.0,2.0,75.0,100.0
98105,3,2.0,1.0,1.0,40.0,89.0
98105,4,1.0,0.0,1.0,85.0,91.0
98105,10,2.0,3.0,7.0,275.0,88.0
98105,4,1.0,1.0,2.0,105.0,89.0
98105,3,1.0,1.0,1.0,78.0,66.0
98105,4,1.0,1.0,2.0,150.0,98.0
98105,3,1.0,1.0,1.0,95.0,73.0
98105,2,1.0,0.0,1.0,109.0,100.0
98105,5,1.0,2.0,2.0,125.0,80.0
98105,2,1.0,1.0,1.0,55.0,100.0
98105,4,1.0,0.0,2.0,98.0,80.0
98105,4,1.0,1.0,2.0,110.0,82.0
98105,12,3.5,5.0,7.0,350.0,100.0
98105,9,2.5,4.0,6.0,295.0,100.0
98105,3,1.0,1.0,2.0,105.0,74.0
98105,4,1.0,1.0,2.0,85.0,78.0
98105,3,1.0,0.0,1.0,95.0,60.0
98105,2,1.0,1.0,1.0,75.0,92.0
98105,1,1.0,1.0,1.0,45.0,89.0
98105,1,1.5,1.0,1.0,30.0,80.0
98115,7,1.5,3.0,5.0,250.0,98.0
98105,1,1.0,1.0,1.0,43.0,91.0
98105,4,1.0,1.0,1.0,125.0,100.0
98105,3,1.0,1.0,1.0,112.0,99.0
98105,4,1.0,1.0,2.0,85.0,80.0
98105,2,1.0,1.0,2.0,63.0,82.0
98105,1,1.0,1.0,1.0,41.0,95.0
98105,3,1.0,1.0,2.0,79.0,98.0
98105,2,1.0,1.0,1.0,70.0,60.0
98105,3,1.0,1.0,2.0,85.0,94.0
98105,4,1.0,0.0,2.0,110.0,64.0
98105,1,1.0,1.0,1.0,53.0,100.0
98105,2,1.0,1.0,1.0,75.0,87.0
98105,6,1.0,2.0,2.0,125.0,96.0
98105,2,1.0,0.0,1.0,90.0,70.0
98105,2,1.0,1.0,1.0,85.0,96.0
98105,3,1.0,1.0,1.0,85.0,68.0
98105,2,1.0,0.0,1.0,88.0,88.0
98105,4,1.0,1.0,2.0,92.0,100.0
98105,2,1.0,0.0,1.0,70.0,100.0
98105,2,1.0,1.0,1.0,78.0,98.0
98105,4,1.0,0.0,2.0,93.0,90.0
98105,1,1.0,1.0,1.0,120.0,100.0
98105,2,1.0,1.0,1.0,40.0,94.0
98105,2,1.0,1.0,1.0,43.0,96.0
98105,2,1.0,1.0,1.0,70.0,99.0
98105,3,1.0,1.0,2.0,90.0,93.0
98105,3,1.0,0.0,2.0,90.0,87.0
98105,2,1.0,1.0,1.0,85.0,91.0
98105,3,1.0,1.0,2.0,115.0,97.0
98105,4,1.0,1.0,1.0,89.0,82.0
98105,2,1.0,0.0,2.0,85.0,76.0
98105,3,1.0,1.0,1.0,95.0,98.0
98105,8,1.0,4.0,4.0,306.0,80.0
98105,2,1.0,1.0,1.0,47.0,87.0
98105,1,1.0,1.0,1.0,50.0,100.0
98105,4,1.0,1.0,2.0,105.0,80.0
98105,2,1.0,1.0,1.0,83.0,85.0
98105,2,1.0,1.0,1.0,73.0,96.0
98105,4,2.5,2.0,2.0,92.0,97.0
98105,2,1.0,1.0,1.0,59.0,98.0
98105,6,2.0,2.0,2.0,145.0,91.0
98105,4,1.0,1.0,2.0,95.0,66.0
98105,6,2.0,2.0,2.0,150.0,68.0
98105,4,1.0,2.0,2.0,85.0,100.0
98105,2,1.0,0.0,1.0,98.0,80.0
98105,4,1.0,1.0,4.0,110.0,100.0
98105,3,1.0,1.0,1.0,95.0,82.0
98105,1,1.0,1.0,1.0,42.0,90.0
98115,5,2.0,3.0,3.0,250.0,90.0
98105,2,1.0,1.0,1.0,40.0,90.0
98105,4,1.0,2.0,3.0,80.0,85.0
98105,2,1.5,1.0,2.0,40.0,80.0
98105,3,1.0,1.0,1.0,105.0,70.0
98105,6,2.0,2.0,3.0,150.0,60.0
98105,5,1.5,3.0,2.0,250.0,100.0
98112,2,1.0,1.0,1.0,88.0,96.0
98112,4,1.0,2.0,2.0,128.0,92.0
98112,2,1.0,1.0,1.0,110.0,95.0
98112,2,1.0,1.0,1.0,210.0,100.0
98112,4,1.0,1.0,2.0,155.0,93.0
98112,4,1.0,2.0,2.0,168.0,100.0
98112,2,1.0,0.0,1.0,62.0,96.0
98112,2,1.0,0.0,1.0,80.0,99.0
98112,2,1.0,1.0,1.0,105.0,96.0
98112,4,1.0,1.0,2.0,50.0,100.0
98112,1,1.0,1.0,1.0,165.0,100.0
98112,2,1.0,1.0,1.0,79.0,98.0
98122,2,1.0,0.0,1.0,95.0,98.0
98122,2,1.0,1.0,1.0,90.0,93.0
98122,8,2.5,3.0,3.0,380.0,100.0
98122,8,3.0,4.0,4.0,225.0,100.0
98122,2,1.0,1.0,1.0,60.0,95.0
98122,5,2.5,2.0,2.0,157.0,98.0
98122,2,1.0,1.0,1.0,110.0,99.0
98122,3,1.0,1.0,1.0,150.0,93.0
98122,5,1.0,1.0,2.0,145.0,99.0
98122,3,1.0,1.0,1.0,85.0,92.0
98144,4,1.0,1.0,2.0,79.0,95.0
98122,1,1.0,1.0,1.0,40.0,97.0
98122,2,1.0,1.0,1.0,49.0,88.0
98122,4,1.0,1.0,2.0,56.0,84.0
98122,7,2.5,3.0,4.0,330.0,100.0
98122,4,1.0,2.0,2.0,150.0,91.0
98122,8,3.0,4.0,4.0,350.0,94.0
98122,4,1.5,2.0,2.0,145.0,100.0
98122,2,1.0,1.0,1.0,67.0,90.0
98122,3,2.0,1.0,1.0,69.0,95.0
98122,2,1.0,1.0,1.0,52.0,86.0
98122,2,1.0,1.0,1.0,75.0,97.0
98122,2,1.5,1.0,1.0,90.0,91.0
98122,2,1.0,1.0,1.0,130.0,96.0
98122,2,1.0,1.0,1.0,155.0,100.0
98122,2,1.0,1.0,1.0,79.0,100.0
98122,3,1.0,1.0,1.0,60.0,92.0
98122,4,1.0,2.0,1.0,115.0,100.0
98122,2,1.0,1.0,1.0,60.0,100.0
98122,2,1.0,1.0,1.0,70.0,96.0
98122,2,1.0,1.0,1.0,80.0,100.0
98122,3,2.0,1.0,2.0,70.0,91.0
98122,1,2.0,1.0,1.0,55.0,97.0
98122,2,1.5,1.0,1.0,72.0,98.0
98122,2,1.0,1.0,1.0,67.0,100.0
98122,2,1.5,1.0,1.0,70.0,97.0
98122,2,1.0,1.0,1.0,81.0,94.0
98122,2,1.5,1.0,1.0,58.0,95.0
98122,2,2.0,1.0,1.0,58.0,100.0
98122,1,1.0,1.0,1.0,100.0,100.0
98122,2,1.0,0.0,1.0,110.0,96.0
98122,2,1.0,1.0,1.0,75.0,99.0
98122,2,1.0,0.0,1.0,124.0,98.0
98122,4,1.0,1.0,2.0,150.0,93.0
98122,2,2.0,1.0,1.0,65.0,95.0
98122,6,2.0,2.0,2.0,225.0,90.0
98122,2,1.0,1.0,1.0,70.0,100.0
98122,2,1.0,1.0,1.0,105.0,93.0
98122,4,2.0,2.0,2.0,158.0,93.0
98122,2,1.0,1.0,1.0,69.0,97.0
98122,2,1.0,1.0,2.0,99.0,89.0
98122,6,1.0,2.0,3.0,165.0,100.0
98122,4,1.0,1.0,2.0,118.0,100.0
98122,2,1.0,1.0,3.0,100.0,80.0
98122,2,1.0,1.0,1.0,90.0,95.0
98122,2,1.0,1.0,1.0,81.0,93.0
98122,3,1.0,1.0,1.0,70.0,100.0
98122,2,1.0,1.0,1.0,69.0,99.0
98122,4,1.0,1.0,2.0,90.0,100.0
98122,2,2.0,1.0,1.0,70.0,100.0
98122,2,1.0,1.0,1.0,179.0,96.0
98122,2,1.0,1.0,1.0,105.0,100.0
98122,4,2.0,1.0,1.0,110.0,100.0
98122,4,1.0,2.0,2.0,150.0,93.0
98122,2,1.0,0.0,1.0,75.0,100.0
98122,2,3.0,1.0,1.0,111.0,100.0
98122,2,1.0,1.0,2.0,108.0,100.0
98122,2,1.0,1.0,1.0,82.0,98.0
98122,6,1.0,2.0,3.0,115.0,96.0
98122,4,1.0,2.0,2.0,220.0,92.0
98122,6,1.0,3.0,4.0,114.0,100.0
98122,2,1.0,1.0,1.0,59.0,98.0
98122,1,1.5,1.0,1.0,54.0,95.0
98122,2,1.0,1.0,1.0,75.0,99.0
98122,2,1.0,1.0,1.0,90.0,100.0
98122,4,0.5,1.0,1.0,95.0,95.0
98122,6,2.0,2.0,2.0,160.0,95.0
98122,4,1.0,2.0,2.0,175.0,100.0
98122,1,1.0,1.0,1.0,37.0,89.0
98122,3,2.0,2.0,2.0,199.0,100.0
98122,4,1.0,2.0,2.0,200.0,90.0
98122,8,1.0,3.0,3.0,175.0,72.0
98122,4,1.0,1.0,1.0,120.0,99.0
98122,4,1.0,2.0,2.0,160.0,95.0
98122,4,2.0,1.0,1.0,125.0,96.0
98122,4,1.0,2.0,2.0,150.0,100.0
98122,3,1.0,1.0,2.0,100.0,96.0
98122,2,1.0,1.0,1.0,90.0,98.0
98122,2,1.0,1.0,1.0,95.0,90.0
98122,2,1.0,1.0,1.0,92.0,99.0
98122,1,1.0,1.0,1.0,79.0,96.0
98122,2,1.5,1.0,1.0,72.0,95.0
98122,6,1.0,2.0,2.0,115.0,100.0
98122,8,3.5,4.0,5.0,270.0,100.0
98122,2,1.0,1.0,2.0,65.0,100.0
98122,10,3.5,4.0,6.0,300.0,93.0
98122,6,1.5,2.0,3.0,122.0,100.0
98122,2,3.0,1.0,1.0,87.0,99.0
98122,6,1.5,3.0,5.0,200.0,100.0
98122,3,1.0,1.0,1.0,156.0,95.0
98122,1,1.0,1.0,1.0,90.0,95.0
98122,8,3.5,3.0,5.0,325.0,100.0
98122,3,1.0,1.0,1.0,115.0,100.0
98122,10,2.5,2.0,8.0,425.0,96.0
98122,2,1.0,1.0,1.0,119.0,100.0
98122,6,2.5,3.0,4.0,220.0,96.0
98122,4,1.0,1.0,1.0,85.0,98.0
98122,4,1.0,2.0,2.0,100.0,90.0
98122,4,1.0,1.0,1.0,99.0,75.0
98122,4,1.5,1.0,1.0,120.0,83.0
98122,2,1.0,0.0,1.0,150.0,93.0
98122,2,1.0,1.0,1.0,75.0,100.0
98122,2,1.0,1.0,1.0,90.0,100.0
98122,3,1.0,1.0,2.0,125.0,100.0
98122,2,1.0,1.0,1.0,90.0,99.0
98122,2,2.0,1.0,1.0,200.0,100.0
98122,4,1.5,1.0,2.0,200.0,98.0
98122,6,3.5,4.0,4.0,287.0,100.0
98122,5,1.0,1.0,1.0,90.0,97.0
98122,4,1.0,1.0,3.0,150.0,99.0
98122,2,1.0,1.0,1.0,119.0,98.0
98122,5,2.5,2.0,3.0,150.0,97.0
98122,2,1.0,1.0,1.0,170.0,96.0
98122,4,1.0,2.0,3.0,150.0,100.0
98144,5,3.0,3.0,5.0,279.0,100.0
98144,2,1.0,1.0,1.0,55.0,90.0
98122,4,1.0,1.0,2.0,125.0,90.0
98144,2,1.0,1.0,1.0,90.0,100.0
98122,6,2.0,3.0,5.0,199.0,96.0
98122,2,1.0,1.0,1.0,65.0,98.0
98144,3,1.0,1.0,1.0,92.0,93.0
98144,7,2.5,3.0,3.0,257.0,100.0
98122,2,1.0,0.0,1.0,79.0,99.0
98144,6,1.5,3.0,3.0,200.0,94.0
98144,2,1.0,1.0,1.0,80.0,60.0
98122,2,1.0,1.0,1.0,85.0,96.0
98144,3,1.5,1.0,1.0,65.0,100.0
98144,4,1.0,2.0,2.0,105.0,97.0
98122,2,2.0,1.0,1.0,59.0,96.0
98144,3,1.5,1.0,1.0,59.0,95.0
98144,2,1.5,1.0,1.0,56.0,98.0
98122,2,1.0,1.0,1.0,85.0,92.0
98144,8,2.5,3.0,4.0,135.0,100.0
98122,6,2.0,3.0,3.0,200.0,100.0
98144,8,2.5,3.0,3.0,163.0,100.0
98122,2,1.0,1.0,1.0,59.0,100.0
98144,6,1.5,2.0,3.0,135.0,97.0
98144,2,1.5,1.0,1.0,75.0,100.0
98122,2,1.0,1.0,1.0,109.0,98.0
98122,8,3.5,5.0,5.0,500.0,93.0
98144,1,1.0,1.0,1.0,55.0,97.0
98122,8,3.5,5.0,5.0,400.0,100.0
98144,4,2.5,2.0,2.0,105.0,97.0
98122,2,1.0,1.0,1.0,39.0,82.0
98144,2,1.0,1.0,2.0,50.0,100.0
98144,4,1.0,2.0,2.0,129.0,100.0
98122,1,2.0,1.0,1.0,44.0,99.0
98122,12,3.5,5.0,8.0,350.0,100.0
98144,10,3.5,3.0,3.0,300.0,97.0
98144,2,1.0,1.0,1.0,53.0,95.0
98144,2,1.0,1.0,1.0,60.0,100.0
98144,10,3.5,3.0,3.0,285.0,100.0
98144,5,1.0,1.0,3.0,159.0,100.0
98122,5,1.0,3.0,3.0,225.0,98.0
98122,3,1.0,1.0,1.0,66.0,100.0
98144,4,1.0,1.0,1.0,80.0,94.0
98144,3,1.0,1.0,1.0,79.0,96.0
98144,2,2.0,1.0,1.0,120.0,100.0
98122,2,2.0,1.0,1.0,49.0,97.0
98144,4,1.0,1.0,2.0,122.0,95.0
98144,2,1.0,0.0,1.0,90.0,83.0
98144,6,2.5,2.0,4.0,196.0,98.0
98144,2,1.0,1.0,1.0,115.0,89.0
98144,4,1.5,2.0,2.0,125.0,99.0
98144,2,1.5,1.0,2.0,60.0,93.0
98144,2,1.5,1.0,1.0,70.0,94.0
98144,4,2.0,3.0,2.0,175.0,100.0
98144,2,2.0,1.0,1.0,69.0,93.0
98144,2,1.0,1.0,1.0,69.0,98.0
98144,2,1.0,1.0,1.0,35.0,84.0
98144,2,1.0,1.0,1.0,68.0,96.0
98144,4,1.5,1.0,1.0,100.0,100.0
98144,2,1.0,0.0,1.0,70.0,100.0
98144,2,1.5,1.0,1.0,90.0,100.0
98122,6,2.5,2.0,3.0,275.0,96.0
98144,2,1.0,1.0,1.0,60.0,97.0
98144,4,1.5,2.0,2.0,125.0,100.0
98144,2,1.0,1.0,1.0,90.0,96.0
98144,4,2.0,2.0,3.0,90.0,100.0
98144,6,2.5,3.0,3.0,250.0,100.0
98144,4,1.0,0.0,2.0,95.0,97.0
98144,7,3.5,3.0,3.0,218.0,88.0
98144,3,1.0,1.0,1.0,120.0,100.0
98144,2,1.0,0.0,1.0,64.0,89.0
98144,4,1.0,0.0,2.0,170.0,99.0
98144,4,2.0,3.0,2.0,168.0,100.0
98144,2,1.0,1.0,1.0,60.0,98.0
98144,3,1.0,0.0,2.0,85.0,90.0
98144,2,1.0,1.0,1.0,70.0,97.0
98144,4,1.0,2.0,3.0,115.0,93.0
98144,4,1.0,1.0,1.0,90.0,84.0
98144,2,1.0,1.0,1.0,80.0,100.0
98122,4,2.0,2.0,2.0,149.0,100.0
98144,8,3.0,3.0,3.0,250.0,94.0
98144,4,1.0,1.0,2.0,69.0,98.0
98144,2,1.0,1.0,1.0,65.0,100.0
98144,2,0.5,1.0,1.0,40.0,86.0
98144,2,1.5,1.0,1.0,60.0,95.0
98122,4,2.0,2.0,2.0,149.0,96.0
98144,2,1.0,1.0,1.0,115.0,100.0
98144,6,1.0,1.0,3.0,79.0,89.0
98101,2,1.0,0.0,1.0,100.0,95.0
98101,2,1.0,1.0,2.0,76.0,91.0
98101,2,2.0,1.0,1.0,95.0,95.0
98121,4,1.0,1.0,2.0,100.0,86.0
98101,6,2.0,2.0,3.0,137.0,88.0
98101,8,0.0,1.0,8.0,38.0,93.0
98121,4,2.5,2.0,2.0,557.0,99.0
98101,6,1.0,1.0,3.0,160.0,98.0
98101,2,1.0,0.0,1.0,179.0,87.0
98101,8,8.0,1.0,8.0,41.0,87.0
98101,3,1.0,0.0,1.0,99.0,91.0
98101,2,1.0,0.0,1.0,149.0,60.0
98101,3,1.0,1.0,1.0,199.0,94.0
98101,3,1.0,1.0,1.0,157.0,99.0
98121,4,1.0,0.0,2.0,170.0,98.0
98101,4,1.0,1.0,2.0,85.0,93.0
98101,4,2.0,2.0,2.0,299.0,98.0
98101,2,1.0,1.0,1.0,95.0,100.0
98101,4,1.0,1.0,2.0,99.0,92.0
98101,4,1.0,0.0,2.0,114.0,95.0
98101,5,2.0,2.0,2.0,311.0,100.0
98101,3,1.0,0.0,2.0,100.0,97.0
98101,3,1.0,1.0,1.0,150.0,95.0
98102,3,1.0,1.0,2.0,135.0,98.0
98102,4,1.0,2.0,2.0,110.0,100.0
98102,4,1.0,1.0,1.0,75.0,93.0
98102,2,1.0,1.0,1.0,138.0,100.0
98102,2,1.0,1.0,1.0,129.0,100.0
98102,2,1.0,1.0,1.0,120.0,95.0
98102,4,1.0,1.0,1.0,95.0,98.0
98102,2,1.0,1.0,1.0,95.0,98.0
98102,3,1.0,1.0,1.0,91.0,96.0
98102,3,1.0,1.0,2.0,135.0,100.0
98102,4,1.0,1.0,1.0,95.0,95.0
98102,3,1.0,1.0,1.0,140.0,96.0
98102,4,1.0,2.0,2.0,125.0,98.0
98102,3,1.0,1.0,1.0,150.0,90.0
98102,4,1.5,2.0,3.0,129.0,100.0
98102,4,1.0,1.0,2.0,85.0,86.0
98102,2,1.0,0.0,1.0,82.0,95.0
98102,2,1.0,1.0,1.0,103.0,97.0
98102,2,1.0,1.0,1.0,59.0,96.0
98102,4,1.0,1.0,1.0,150.0,80.0
98102,2,1.0,1.0,1.0,115.0,98.0
98102,8,1.0,2.0,4.0,300.0,98.0
98102,2,1.0,0.0,1.0,91.0,88.0
98102,2,1.0,1.0,1.0,59.0,90.0
98102,3,1.0,1.0,1.0,125.0,87.0
98102,2,1.0,1.0,1.0,195.0,90.0
98102,2,1.0,1.0,1.0,58.0,89.0
98102,8,2.5,3.0,3.0,600.0,60.0
98102,4,1.0,0.0,2.0,100.0,73.0
98102,3,1.0,2.0,2.0,125.0,96.0
98102,2,1.0,1.0,1.0,82.0,92.0
98102,2,1.0,1.0,1.0,55.0,100.0
98102,2,1.0,1.0,1.0,134.0,100.0
98102,2,1.0,1.0,1.0,42.0,75.0
98102,2,1.0,1.0,1.0,125.0,96.0
98102,6,1.0,2.0,2.0,115.0,77.0
98109,3,1.0,1.0,1.0,125.0,98.0
98109,2,1.0,1.0,1.0,55.0,96.0
98109,6,2.0,2.0,3.0,550.0,100.0
98109,3,1.0,1.0,1.0,100.0,100.0
98102,2,1.0,0.0,1.0,80.0,82.0
98109,4,2.0,1.0,1.0,100.0,100.0
98109,2,1.0,0.0,1.0,90.0,100.0
98102,2,1.0,1.0,1.0,59.0,85.0
98109,4,1.0,1.0,1.0,183.0,96.0
98109,2,1.0,1.0,1.0,220.0,96.0
98109,2,1.0,1.0,1.0,115.0,73.0
98109,3,1.0,1.0,1.0,183.0,98.0
98102,2,1.0,1.0,1.0,115.0,98.0
98109,2,1.0,1.0,1.0,75.0,90.0
98109,2,1.0,0.0,1.0,110.0,80.0
98109,3,1.0,1.0,1.0,183.0,100.0
98109,2,1.0,1.0,1.0,220.0,100.0
98109,3,1.0,1.0,1.0,119.0,93.0
98109,2,1.0,1.0,1.0,75.0,40.0
98199,6,2.5,3.0,3.0,200.0,90.0
98199,7,2.0,3.0,3.0,229.0,100.0
98199,10,3.5,3.0,5.0,333.0,94.0
98199,1,1.0,1.0,1.0,41.0,89.0
98199,2,1.0,1.0,1.0,70.0,98.0
98199,2,1.0,1.0,2.0,70.0,86.0
98199,12,3.5,5.0,7.0,350.0,100.0
98199,6,1.0,2.0,4.0,200.0,94.0
98199,5,2.5,3.0,3.0,225.0,98.0
98199,2,1.0,1.0,1.0,40.0,94.0
98199,2,1.0,1.0,1.0,46.0,91.0
98199,2,1.0,1.0,1.0,64.0,97.0
98199,2,1.0,1.0,1.0,125.0,100.0
98199,6,2.0,3.0,4.0,250.0,100.0
98199,1,1.0,1.0,1.0,30.0,97.0
98199,3,1.0,1.0,1.0,150.0,100.0
98199,5,2.0,3.0,2.0,280.0,80.0
98199,2,1.0,1.0,1.0,75.0,100.0
98199,4,1.0,1.0,1.0,178.0,60.0
98199,5,1.0,2.0,3.0,129.0,73.0
98199,2,1.0,1.0,1.0,50.0,93.0
98199,5,2.0,3.0,3.0,175.0,100.0
98199,2,1.0,1.0,1.0,88.0,93.0
98199,2,1.0,1.0,1.0,100.0,85.0
98199,5,2.0,2.0,2.0,225.0,100.0
98199,6,1.5,2.0,4.0,250.0,100.0
98199,9,1.5,0.0,4.0,95.0,84.0
98199,15,4.0,4.0,7.0,172.0,97.0
98199,2,1.0,1.0,1.0,99.0,79.0
98199,2,1.0,1.0,1.0,99.0,87.0
98199,5,1.0,2.0,3.0,175.0,93.0
98199,12,3.5,5.0,7.0,350.0,100.0
98199,10,2.0,3.0,3.0,375.0,95.0
98101,3,1.0,1.0,1.0,144.0,99.0
98101,4,1.0,1.0,1.0,999.0,94.0
98121,6,2.0,2.0,3.0,138.0,94.0
98121,4,1.0,1.0,2.0,145.0,98.0
98121,2,1.0,1.0,1.0,125.0,95.0
98121,1,1.0,1.0,1.0,45.0,80.0
98121,2,1.0,1.0,1.0,35.0,87.0
98121,4,1.0,1.0,2.0,225.0,90.0
98121,1,1.0,1.0,1.0,50.0,100.0
98121,2,1.0,1.0,1.0,100.0,89.0
98121,5,1.0,1.0,2.0,120.0,83.0
98101,3,1.0,1.0,1.0,249.0,55.0
98121,3,1.0,0.0,1.0,95.0,100.0
98109,3,1.0,1.0,1.0,150.0,97.0
98121,2,1.0,1.0,1.0,130.0,20.0
98121,4,1.0,0.0,1.0,130.0,100.0
98121,6,1.0,0.0,3.0,105.0,93.0
98121,3,1.0,1.0,1.0,175.0,90.0
98121,3,1.0,0.0,2.0,100.0,93.0
98121,2,1.0,0.0,1.0,129.0,98.0
98121,4,1.0,0.0,3.0,90.0,95.0
98101,6,2.5,2.0,3.0,350.0,100.0
98109,4,1.0,2.0,2.0,199.0,72.0
98121,2,1.0,0.0,1.0,75.0,87.0
98121,4,1.0,1.0,2.0,110.0,94.0
98121,3,1.0,1.0,1.0,80.0,95.0
98121,2,1.0,0.0,1.0,150.0,98.0
98121,2,1.0,0.0,1.0,95.0,100.0
98121,3,1.0,1.0,1.0,139.0,98.0
98121,3,1.0,1.0,1.0,139.0,100.0
98121,4,1.0,1.0,2.0,275.0,93.0
98101,2,1.0,0.0,1.0,135.0,94.0
98121,5,1.0,1.0,3.0,128.0,94.0
98121,4,1.0,1.0,2.0,100.0,92.0
98121,2,1.0,1.0,1.0,100.0,98.0
98101,2,1.0,1.0,1.0,120.0,96.0
98121,5,1.0,0.0,1.0,125.0,92.0
98109,2,1.0,1.0,1.0,120.0,97.0
98121,4,1.0,0.0,2.0,150.0,90.0
98121,2,1.0,0.0,1.0,140.0,92.0
98121,3,1.0,0.0,2.0,150.0,96.0
98109,3,1.0,1.0,2.0,149.0,97.0
98121,4,2.0,2.0,2.0,229.0,100.0
98121,2,1.0,0.0,1.0,93.0,97.0
98121,3,1.0,0.0,2.0,110.0,97.0
98121,1,1.0,1.0,1.0,139.0,95.0
98121,2,1.0,1.0,1.0,157.0,100.0
98121,1,1.0,1.0,1.0,90.0,97.0
98121,4,1.0,1.0,1.0,90.0,94.0
98102,2,1.0,0.0,1.0,125.0,99.0
98101,2,1.0,1.0,1.0,95.0,98.0
98121,6,2.0,2.0,3.0,197.0,95.0
98121,5,1.0,1.0,3.0,155.0,97.0
98105,6,1.0,2.0,2.0,195.0,95.0
98121,6,2.0,2.0,3.0,150.0,95.0
98101,3,1.0,1.0,1.0,175.0,95.0
98121,6,2.0,2.0,3.0,156.0,91.0
98121,6,2.5,2.0,2.0,320.0,97.0
98121,7,2.0,2.0,2.0,200.0,97.0
98121,3,1.0,1.0,2.0,200.0,100.0
98101,6,2.0,2.0,3.0,165.0,96.0
98121,3,1.0,0.0,1.0,148.0,92.0
98121,7,2.0,3.0,4.0,127.0,100.0
98121,8,3.0,3.0,4.0,405.0,100.0
98121,4,1.0,2.0,2.0,219.0,95.0
98121,10,2.0,3.0,4.0,899.0,100.0
98121,6,2.0,2.0,4.0,239.0,95.0
98121,4,1.0,1.0,2.0,150.0,100.0
98121,4,1.0,1.0,1.0,140.0,100.0
98121,6,2.0,2.0,3.0,117.0,87.0
98121,4,1.0,1.0,2.0,99.0,96.0
98121,3,1.0,1.0,1.0,170.0,100.0
98121,2,1.0,0.0,2.0,100.0,97.0
98121,6,2.0,2.0,3.0,300.0,100.0
98121,6,2.0,2.0,3.0,197.0,96.0
98121,6,1.0,2.0,3.0,175.0,100.0
98121,6,2.0,2.0,3.0,131.0,91.0
98121,7,2.0,2.0,4.0,200.0,95.0
98101,4,1.0,1.0,2.0,89.0,97.0
98101,6,2.0,2.0,3.0,142.0,87.0
98121,2,1.0,1.0,1.0,125.0,94.0
98121,4,1.0,1.0,1.0,245.0,80.0
98121,2,1.0,1.0,1.0,117.0,85.0
98121,4,1.0,1.0,2.0,215.0,91.0
98121,6,1.0,2.0,3.0,215.0,100.0
98121,4,1.0,2.0,3.0,275.0,95.0
98121,6,1.0,2.0,3.0,175.0,93.0
98121,6,1.0,2.0,3.0,195.0,93.0
98121,4,1.0,1.0,1.0,113.0,90.0
98101,8,2.0,2.0,4.0,700.0,100.0
98121,4,1.5,1.0,2.0,139.0,90.0
98121,2,1.0,0.0,1.0,100.0,98.0
98121,4,1.0,1.0,1.0,106.0,100.0
98121,9,2.5,3.0,7.0,475.0,100.0
98101,6,2.0,2.0,3.0,143.0,94.0
98121,4,1.0,1.0,2.0,205.0,93.0
98121,4,1.0,0.0,3.0,80.0,100.0
98121,6,1.0,0.0,3.0,120.0,99.0
98121,2,1.0,1.0,1.0,139.0,100.0
98121,4,1.0,0.0,2.0,135.0,98.0
98121,4,1.0,1.0,2.0,155.0,93.0
98121,2,1.0,1.0,1.0,90.0,90.0
98121,4,1.0,1.0,1.0,139.0,87.0
98121,4,1.0,1.0,2.0,181.0,80.0
98121,2,1.0,1.0,1.0,99.0,97.0
98121,2,1.0,1.0,1.0,175.0,88.0
98121,4,1.0,1.0,2.0,127.0,95.0
98101,4,1.0,1.0,2.0,150.0,100.0
98101,6,2.0,2.0,3.0,143.0,96.0
98101,5,2.0,2.0,2.0,399.0,80.0
98121,6,1.0,2.0,3.0,193.0,88.0
98121,2,1.0,0.0,1.0,110.0,92.0
98101,6,2.0,2.0,3.0,135.0,92.0
98121,4,1.0,1.0,1.0,165.0,96.0
98121,2,1.0,1.0,1.0,139.0,100.0
98101,4,1.0,1.0,2.0,189.0,89.0
98121,2,1.0,0.0,1.0,140.0,99.0
98121,2,1.0,0.0,1.0,129.0,98.0
98121,3,1.0,1.0,2.0,150.0,100.0
98121,6,2.0,2.0,3.0,245.0,100.0
98121,3,1.0,1.0,1.0,175.0,87.0
98121,6,2.0,2.0,3.0,127.0,100.0
98121,4,1.0,1.0,2.0,127.0,100.0
98121,6,2.0,2.0,3.0,122.0,93.0
98121,6,1.0,2.0,3.0,175.0,91.0
98121,4,1.0,0.0,3.0,99.0,98.0
98121,4,1.0,1.0,2.0,187.0,97.0
98101,3,1.0,1.0,1.0,150.0,95.0
98121,2,1.0,1.0,1.0,100.0,90.0
98101,6,2.0,2.0,3.0,171.0,97.0
98101,6,2.0,2.0,3.0,181.0,96.0
98121,2,1.0,1.0,1.0,149.0,98.0
98121,4,1.0,1.0,2.0,270.0,80.0
98121,6,2.0,2.0,3.0,195.0,100.0
98121,4,1.0,1.0,2.0,149.0,97.0
98121,2,1.0,1.0,1.0,150.0,90.0
98121,6,2.0,2.0,3.0,230.0,98.0
98121,6,2.0,2.0,3.0,165.0,96.0
98121,8,2.0,3.0,5.0,335.0,100.0
98121,2,1.0,1.0,1.0,75.0,84.0
98121,4,1.0,1.0,2.0,107.0,96.0
98101,6,2.0,2.0,3.0,167.0,90.0
98121,4,1.0,0.0,2.0,120.0,80.0
98101,8,2.0,3.0,5.0,425.0,90.0
98121,3,1.0,1.0,1.0,139.0,100.0
98121,3,1.0,1.0,1.0,149.0,97.0
98121,3,1.5,1.0,2.0,130.0,95.0
98121,3,1.0,1.0,1.0,115.0,100.0
98121,2,1.0,1.0,1.0,159.0,95.0
98121,4,1.0,0.0,2.0,120.0,90.0
98121,4,1.0,0.0,2.0,100.0,90.0
98121,4,1.0,1.0,2.0,99.0,98.0
98121,5,1.5,2.0,2.0,169.0,90.0
98101,3,1.0,1.0,1.0,170.0,99.0
98121,2,1.0,0.0,2.0,115.0,94.0
98121,7,2.0,3.0,3.0,112.0,100.0
98121,2,1.0,1.0,1.0,120.0,80.0
98101,6,2.0,2.0,4.0,239.0,100.0
98121,2,1.0,0.0,1.0,135.0,96.0
98121,4,1.0,0.0,2.0,125.0,94.0
98121,2,1.0,0.0,1.0,150.0,99.0
98121,6,2.0,2.0,3.0,197.0,95.0
98121,3,1.0,1.0,1.0,106.0,82.0
98121,2,1.0,1.0,1.0,150.0,93.0
98101,3,1.0,1.0,1.0,149.0,93.0
98121,3,1.0,1.0,2.0,115.0,93.0
98121,6,1.0,2.0,3.0,175.0,97.0
98121,6,2.0,2.0,3.0,175.0,93.0
98102,3,1.0,1.0,1.0,124.0,90.0
98121,5,1.0,2.0,4.0,229.0,80.0
98109,2,1.0,1.0,1.0,125.0,95.0
98121,1,1.0,1.0,1.0,40.0,90.0
98121,6,1.0,2.0,2.0,183.0,100.0
98121,2,1.0,1.0,1.0,169.0,99.0
98121,5,1.0,1.0,3.0,155.0,90.0
98121,2,1.0,0.0,1.0,75.0,79.0
98121,4,1.0,0.0,2.0,89.0,96.0
98121,4,1.0,1.0,2.0,35.0,100.0
98121,3,1.0,1.0,1.0,115.0,90.0
98121,2,1.0,0.0,1.0,115.0,95.0
98101,3,1.0,1.0,2.0,165.0,95.0
98121,3,1.0,1.0,1.0,115.0,96.0
98121,6,1.0,1.0,3.0,105.0,90.0
98121,2,1.0,0.0,1.0,145.0,95.0
98121,6,2.0,2.0,2.0,250.0,94.0
98121,2,1.0,1.0,1.0,139.0,100.0
98121,4,1.0,1.0,2.0,82.0,98.0
98121,6,1.0,2.0,3.0,147.0,88.0
98121,4,1.0,1.0,2.0,187.0,90.0
98101,2,1.0,1.0,1.0,130.0,80.0
98121,4,1.0,1.0,1.0,100.0,90.0
98121,2,1.0,1.0,1.0,95.0,100.0
98121,1,1.0,1.0,1.0,68.0,87.0
98121,2,1.0,0.0,1.0,150.0,80.0
98121,4,1.0,1.0,1.0,165.0,94.0
98121,3,1.0,1.0,2.0,117.0,100.0
98121,2,1.0,0.0,1.0,168.0,98.0
98121,2,1.0,0.0,1.0,79.0,100.0
98104,2,1.5,1.0,1.0,89.0,94.0
98104,2,1.0,1.0,1.0,80.0,99.0
98104,2,1.0,1.0,1.0,120.0,95.0
98104,1,2.0,1.0,1.0,40.0,93.0
98104,1,2.0,1.0,1.0,40.0,94.0
98104,2,1.5,1.0,1.0,89.0,95.0
98104,2,1.0,1.0,1.0,79.0,100.0
98104,4,2.0,2.0,2.0,69.0,92.0
98104,2,1.0,1.0,1.0,69.0,91.0
98104,2,1.0,1.0,1.0,74.0,92.0
98104,5,1.0,2.0,2.0,250.0,100.0
98104,4,2.0,2.0,2.0,250.0,91.0
98104,2,1.0,0.0,1.0,99.0,94.0
98104,6,1.0,2.0,2.0,120.0,97.0
98101,4,1.0,1.0,2.0,190.0,100.0
98104,5,1.0,2.0,2.0,280.0,98.0
98101,4,1.0,1.0,2.0,99.0,95.0
98104,4,1.0,1.0,1.0,99.0,95.0
98101,3,1.0,1.0,2.0,159.0,98.0
98101,6,1.0,1.0,2.0,150.0,100.0
98101,6,2.0,2.0,3.0,139.0,90.0
98101,3,1.0,1.0,1.0,180.0,98.0
98101,5,1.0,1.0,3.0,151.0,91.0
98101,3,1.0,1.0,1.0,219.0,100.0
98101,4,1.0,1.0,1.0,100.0,100.0
98101,4,1.0,2.0,3.0,175.0,96.0
98101,2,1.0,1.0,1.0,115.0,97.0
98101,2,1.0,1.0,1.0,100.0,99.0
98101,4,1.0,1.0,1.0,110.0,92.0
98101,4,1.0,1.0,1.0,110.0,95.0
98104,3,1.0,1.0,1.0,199.0,98.0
98104,2,1.0,0.0,1.0,170.0,100.0
98104,3,1.0,1.0,1.0,135.0,67.0
98101,5,2.0,2.0,2.0,300.0,100.0
98101,3,1.0,1.0,1.0,219.0,90.0
98101,3,1.5,1.0,1.0,300.0,100.0
98101,5,2.0,2.0,2.0,156.0,97.0
98101,6,2.0,2.0,3.0,147.0,91.0
98101,6,2.0,2.0,3.0,135.0,94.0
98101,6,2.0,2.0,3.0,128.0,88.0
98101,4,1.0,1.0,2.0,104.0,94.0
98101,6,2.0,2.0,3.0,114.0,97.0
98101,2,1.0,1.0,1.0,150.0,98.0
98101,6,2.0,1.0,3.0,250.0,83.0
98101,2,1.0,1.0,2.0,40.0,98.0
98101,4,1.0,1.0,2.0,126.0,93.0
98101,4,1.0,1.0,1.0,365.0,100.0
98104,4,1.0,1.0,1.0,99.0,94.0
98101,5,2.0,2.0,2.0,350.0,98.0
98101,6,2.0,2.0,3.0,143.0,94.0
98101,4,1.0,1.0,2.0,110.0,98.0
98101,4,1.0,1.0,1.0,175.0,94.0
98101,5,2.0,2.0,2.0,143.0,95.0
98101,2,1.0,0.0,1.0,121.0,100.0
98101,3,1.0,1.0,1.0,150.0,100.0
98101,3,1.0,1.0,1.0,149.0,98.0
98101,4,1.0,1.0,3.0,168.0,100.0
98101,6,2.0,2.0,4.0,245.0,73.0
98101,2,1.0,0.0,1.0,129.0,95.0
98101,6,2.0,2.0,4.0,245.0,93.0
98101,3,1.0,1.0,2.0,89.0,100.0
98101,4,1.0,1.0,2.0,175.0,92.0
98104,5,1.0,1.0,3.0,144.0,95.0
98101,4,1.0,1.0,3.0,188.0,96.0
98121,3,1.0,1.0,1.0,179.0,95.0
98101,5,2.0,2.0,2.0,129.0,60.0
98101,4,1.0,1.0,2.0,170.0,100.0
98101,4,1.0,1.0,2.0,276.0,96.0
98101,4,1.0,1.0,2.0,135.0,96.0
98101,2,1.0,0.0,1.0,150.0,99.0
98101,3,1.0,1.0,2.0,140.0,100.0
98101,2,1.0,0.0,1.0,121.0,90.0
98101,6,2.0,2.0,3.0,147.0,96.0
98101,4,1.0,2.0,2.0,149.0,93.0
98101,5,2.0,2.0,2.0,300.0,95.0
98101,4,1.0,1.0,2.0,115.0,90.0
98101,4,2.0,2.0,2.0,290.0,100.0
98101,4,1.0,1.0,1.0,129.0,97.0
98101,3,1.0,1.0,2.0,175.0,93.0
98101,2,1.0,1.0,1.0,220.0,96.0
98104,2,1.0,1.0,1.0,90.0,89.0
98101,2,1.0,1.0,1.0,120.0,100.0
98101,4,2.0,2.0,2.0,325.0,92.0
98101,6,2.0,2.0,3.0,127.0,90.0
98101,4,2.0,2.0,2.0,168.0,100.0
98101,3,1.0,1.0,2.0,117.0,97.0
98104,2,1.0,0.0,1.0,85.0,88.0
98101,3,1.0,0.0,1.0,122.0,98.0
98101,6,2.0,2.0,3.0,142.0,94.0
98101,3,1.5,1.0,1.0,237.0,99.0
98101,4,1.0,1.0,2.0,99.0,97.0
98101,4,1.0,1.0,2.0,110.0,96.0
98101,7,2.0,2.0,5.0,225.0,97.0
98101,4,1.0,1.0,1.0,99.0,93.0
98101,6,1.0,1.0,3.0,65.0,98.0
98101,2,1.0,0.0,1.0,275.0,93.0
98104,3,1.0,1.0,1.0,183.0,98.0
98101,4,1.0,1.0,2.0,110.0,98.0
98101,3,1.0,1.0,1.0,156.0,96.0
98104,3,1.0,1.0,1.0,169.0,88.0
98101,2,1.0,1.0,1.0,150.0,94.0
98104,2,1.0,1.0,1.0,125.0,91.0
98101,2,1.0,1.0,1.0,175.0,100.0
98122,2,1.0,0.0,1.0,155.0,96.0
98101,6,1.0,1.0,4.0,151.0,94.0
98101,6,2.0,2.0,4.0,175.0,90.0
98122,6,2.0,2.0,2.0,196.0,96.0
98101,5,1.0,2.0,3.0,175.0,92.0
98104,4,1.0,1.0,1.0,90.0,95.0
98104,2,1.0,1.0,1.0,105.0,100.0
98101,2,1.0,1.0,1.0,95.0,97.0
98104,3,1.0,1.0,1.0,139.0,96.0
98101,2,1.0,0.0,1.0,115.0,91.0
98101,4,1.0,1.0,1.0,185.0,90.0
98101,6,1.0,2.0,4.0,175.0,90.0
98101,2,1.0,0.0,1.0,75.0,85.0
98104,2,1.0,1.0,1.0,70.0,91.0
98101,2,1.0,1.0,1.0,79.0,91.0
98122,2,1.0,0.0,1.0,100.0,92.0
98122,4,1.0,1.0,1.0,155.0,93.0
98104,2,1.0,1.0,1.0,87.0,98.0
98104,3,1.0,1.0,1.0,165.0,98.0
98122,2,1.5,1.0,1.0,100.0,100.0
98101,2,1.0,1.0,1.0,78.0,99.0
98122,2,1.0,0.0,1.0,150.0,100.0
98101,2,1.0,1.0,1.0,99.0,98.0
98104,2,1.0,1.0,1.0,80.0,100.0
98101,4,1.0,2.0,3.0,169.0,90.0
98101,3,1.0,1.0,2.0,129.0,96.0
98122,3,1.0,1.0,1.0,80.0,93.0
98101,4,1.0,1.0,1.0,77.0,87.0
98101,3,1.0,0.0,1.0,99.0,98.0
98104,2,1.0,1.0,1.0,119.0,100.0
98101,3,1.0,0.0,1.0,129.0,97.0
98104,3,1.0,1.0,1.0,145.0,100.0
98104,2,1.0,1.0,1.0,99.0,97.0
98101,4,1.0,1.0,2.0,230.0,100.0
98104,3,1.0,1.0,1.0,109.0,100.0
98104,2,1.0,1.0,1.0,85.0,95.0
98101,2,1.0,1.0,1.0,120.0,100.0
98104,4,1.0,1.0,2.0,150.0,80.0
98122,3,1.0,0.0,1.0,115.0,94.0
98104,4,1.0,1.0,1.0,130.0,93.0
98101,4,1.0,1.0,1.0,129.0,87.0
98104,2,1.0,1.0,1.0,129.0,98.0
98101,6,2.0,1.0,4.0,195.0,90.0
98122,4,2.0,2.0,2.0,500.0,100.0
98101,5,2.0,2.0,3.0,195.0,98.0
98104,3,1.0,0.0,1.0,100.0,89.0
98104,2,1.0,1.0,1.0,110.0,100.0
98101,4,1.0,0.0,2.0,121.0,95.0
98122,2,1.0,1.0,1.0,139.0,98.0
98104,4,1.0,1.0,2.0,120.0,94.0
98101,2,1.0,1.0,1.0,110.0,98.0
98101,2,1.0,0.0,1.0,69.0,78.0
98101,4,1.0,1.0,2.0,150.0,94.0
98101,6,1.5,2.0,4.0,215.0,97.0
98101,3,1.0,0.0,1.0,103.0,91.0
98101,6,1.0,2.0,3.0,175.0,94.0
98104,3,1.0,1.0,1.0,139.0,95.0
98122,2,1.0,1.0,1.0,66.0,96.0
98101,2,1.0,1.0,2.0,85.0,83.0
98101,2,1.0,1.0,1.0,100.0,98.0
98122,4,1.0,2.0,3.0,174.0,96.0
98104,5,2.0,2.0,2.0,200.0,100.0
98122,3,1.0,1.0,1.0,120.0,98.0
98101,4,2.0,2.0,2.0,90.0,100.0
98101,2,1.0,1.0,1.0,78.0,97.0
98101,3,1.0,0.0,1.0,99.0,100.0
98122,4,1.0,1.0,2.0,174.0,92.0
98122,2,1.0,1.0,1.0,110.0,93.0
98104,4,1.0,2.0,2.0,190.0,96.0
98101,4,1.0,0.0,1.0,100.0,93.0
98101,5,1.0,1.0,3.0,151.0,93.0
98101,4,1.0,1.0,1.0,175.0,98.0
98122,7,2.0,2.0,3.0,250.0,95.0
98101,4,1.0,1.0,2.0,140.0,93.0
98101,4,1.0,1.0,2.0,140.0,98.0
98104,2,1.0,1.0,2.0,75.0,94.0
98104,3,1.0,1.0,1.0,129.0,97.0
98104,2,1.0,1.0,1.0,135.0,99.0
98104,2,1.0,1.0,1.0,150.0,99.0
98104,3,1.0,1.0,1.0,139.0,94.0
98122,2,1.0,0.0,2.0,110.0,97.0
98101,6,1.0,2.0,3.0,179.0,94.0
98104,3,1.0,0.0,2.0,120.0,100.0
98101,6,2.0,2.0,3.0,245.0,98.0
98104,3,1.0,1.0,1.0,150.0,90.0
98104,2,1.0,1.0,1.0,105.0,40.0
98101,3,1.0,1.0,1.0,209.0,96.0
98122,4,1.0,0.0,2.0,145.0,96.0
98122,2,1.0,0.0,1.0,115.0,100.0
98122,2,1.0,1.0,1.0,89.0,100.0
98122,6,1.0,3.0,3.0,165.0,100.0
98122,4,1.0,1.0,1.0,180.0,98.0
98122,2,1.0,1.0,1.0,140.0,100.0
98104,2,1.0,0.0,1.0,100.0,97.0
98122,4,1.5,2.0,2.0,179.0,100.0
98122,2,1.0,1.0,1.0,65.0,93.0
98104,1,1.0,1.0,1.0,75.0,89.0
98104,4,1.0,1.0,2.0,150.0,94.0
98122,5,2.0,2.0,2.0,169.0,95.0
98144,2,1.0,1.0,1.0,68.0,93.0
98122,2,1.0,1.0,1.0,89.0,97.0
98122,2,1.0,1.0,1.0,70.0,100.0
98104,4,1.0,1.0,2.0,160.0,91.0
98104,4,1.0,1.0,2.0,128.0,78.0
98104,2,1.0,1.0,1.0,249.0,95.0
98104,1,1.0,1.0,1.0,50.0,94.0
98104,2,1.0,1.0,1.0,175.0,95.0
98104,2,1.0,0.0,1.0,250.0,99.0
98104,2,1.0,0.0,1.0,110.0,94.0
98104,4,1.0,1.0,2.0,144.0,85.0
98134,4,1.0,1.0,1.0,149.0,94.0
98104,5,1.0,2.0,2.0,350.0,98.0
98104,2,1.5,0.0,1.0,95.0,91.0
98104,2,1.0,1.0,1.0,120.0,100.0
98104,4,1.0,1.0,2.0,199.0,80.0
98104,2,1.0,1.0,1.0,145.0,87.0
98104,1,1.0,1.0,1.0,75.0,100.0
98104,4,1.0,1.0,3.0,350.0,100.0
98134,5,1.0,1.0,3.0,149.0,93.0
98104,3,1.0,1.0,1.0,150.0,98.0
98104,3,1.0,1.0,2.0,150.0,96.0
98104,2,1.0,1.0,1.0,160.0,88.0
98104,3,1.0,1.0,2.0,170.0,87.0
98104,3,1.0,1.0,2.0,300.0,95.0
98136,2,1.0,1.0,1.0,59.0,98.0
98136,2,1.0,1.0,1.0,88.0,99.0
98136,2,1.5,1.0,1.0,75.0,98.0
98136,2,1.0,1.0,1.0,95.0,100.0
98126,2,1.0,1.0,1.0,125.0,90.0
98136,6,1.5,2.0,3.0,153.0,95.0
98136,2,1.0,0.0,1.0,85.0,100.0
98136,5,2.0,1.0,2.0,65.0,95.0
98136,2,1.0,1.0,1.0,59.0,98.0
98126,4,1.0,3.0,2.0,250.0,100.0
98136,3,1.0,2.0,1.0,125.0,100.0
98136,5,1.0,0.0,1.0,80.0,93.0
98126,2,1.5,1.0,1.0,75.0,98.0
98136,2,1.0,1.0,1.0,195.0,87.0
98136,4,1.0,1.0,2.0,57.0,97.0
98136,5,1.0,3.0,3.0,159.0,80.0
98146,2,1.0,0.0,1.0,100.0,98.0
98146,2,1.5,1.0,1.0,54.0,100.0
98146,8,1.0,2.0,3.0,200.0,96.0
98116,8,2.0,2.0,4.0,240.0,96.0
98116,3,1.0,0.0,1.0,100.0,99.0
98116,2,1.0,1.0,1.0,100.0,100.0
98116,2,1.0,1.0,1.0,119.0,100.0
98116,6,1.0,2.0,3.0,249.0,94.0
98116,6,1.5,3.0,2.0,250.0,97.0
98116,2,1.0,1.0,1.0,40.0,100.0
98116,2,1.0,1.0,1.0,100.0,93.0
98116,4,2.0,1.0,3.0,135.0,100.0
98116,2,1.0,1.0,1.0,90.0,91.0
98116,4,2.0,2.0,2.0,269.0,100.0
98116,8,1.5,3.0,5.0,325.0,94.0
98116,3,1.0,1.0,2.0,95.0,89.0
98116,3,1.0,1.0,2.0,120.0,90.0
98116,4,1.0,2.0,2.0,79.0,90.0
98116,4,1.0,1.0,2.0,130.0,97.0
98116,2,1.0,1.0,1.0,129.0,94.0
98116,1,1.0,1.0,1.0,42.0,96.0
98116,3,1.0,1.0,2.0,95.0,95.0
98116,4,1.0,2.0,2.0,109.0,92.0
98116,8,2.0,3.0,4.0,225.0,100.0
98116,4,1.5,2.0,2.0,85.0,100.0
98116,4,1.0,2.0,2.0,120.0,93.0
98116,6,2.0,3.0,3.0,350.0,100.0
98116,8,2.0,3.0,4.0,250.0,88.0
98116,2,1.0,1.0,1.0,100.0,98.0
98116,5,2.0,3.0,3.0,300.0,100.0
98116,2,1.0,1.0,1.0,59.0,99.0
98116,2,1.0,1.0,1.0,69.0,95.0
98116,8,2.5,3.0,4.0,219.0,92.0
98116,2,1.0,1.0,1.0,70.0,99.0
98116,4,1.0,1.0,2.0,140.0,97.0
98116,2,1.0,1.0,1.0,54.0,95.0
98126,4,1.0,1.0,2.0,60.0,90.0
98116,2,1.5,1.0,2.0,66.0,100.0
98116,2,1.0,1.0,1.0,79.0,93.0
98116,2,1.0,1.0,1.0,195.0,99.0
98126,2,1.0,1.0,1.0,105.0,98.0
98116,2,1.0,0.0,1.0,100.0,99.0
98116,3,1.0,0.0,2.0,100.0,100.0
98116,4,1.0,2.0,2.0,93.0,95.0
98116,2,1.0,1.0,1.0,85.0,98.0
98116,4,1.0,1.0,3.0,135.0,96.0
98116,7,1.0,2.0,7.0,195.0,97.0
98116,4,2.5,1.0,2.0,129.0,95.0
98116,8,3.0,4.0,5.0,225.0,100.0
98116,8,3.0,4.0,4.0,350.0,80.0
98126,2,1.0,1.0,1.0,120.0,100.0
98116,5,1.5,2.0,3.0,200.0,95.0
98116,3,1.0,1.0,2.0,69.0,95.0
98116,6,2.5,3.0,3.0,225.0,87.0
98116,7,1.0,1.0,2.0,81.0,87.0
98126,6,2.5,2.0,3.0,495.0,97.0
98116,2,1.0,1.0,1.0,101.0,100.0
98116,3,1.0,2.0,2.0,90.0,96.0
98126,2,1.0,1.0,2.0,90.0,96.0
98116,4,1.0,2.0,2.0,185.0,80.0
98116,2,1.0,0.0,1.0,99.0,98.0
98116,3,1.0,1.0,1.0,89.0,100.0
98116,2,1.0,1.0,1.0,90.0,96.0
98116,4,2.0,2.0,2.0,200.0,100.0
98116,7,2.5,3.0,4.0,225.0,100.0
98116,2,1.0,0.0,1.0,90.0,95.0
98116,2,1.0,0.0,1.0,90.0,97.0
98116,2,1.0,1.0,1.0,79.0,90.0
98126,4,1.0,1.0,2.0,100.0,98.0
98126,6,2.0,4.0,5.0,225.0,94.0
98117,3,1.0,1.0,2.0,70.0,94.0
98117,2,1.5,1.0,1.0,28.0,100.0
98117,2,4.5,1.0,4.0,65.0,91.0
98117,2,1.0,1.0,1.0,69.0,95.0
98117,2,1.0,1.0,1.0,41.0,100.0
98117,2,1.0,1.0,1.0,42.0,90.0
98117,6,1.0,1.0,3.0,100.0,96.0
98177,1,1.5,1.0,1.0,45.0,98.0
98117,2,3.5,1.0,1.0,65.0,95.0
98117,6,1.0,2.0,3.0,170.0,89.0
98177,4,1.0,2.0,3.0,119.0,100.0
98117,3,1.0,2.0,2.0,114.0,97.0
98117,2,1.0,1.0,1.0,68.0,99.0
98117,8,2.0,3.0,3.0,275.0,87.0
98117,2,1.0,1.0,1.0,35.0,94.0
98117,4,1.0,1.0,2.0,75.0,100.0
98117,6,2.0,3.0,3.0,95.0,90.0
98117,2,3.5,1.0,3.0,65.0,97.0
98136,3,1.0,2.0,2.0,125.0,100.0
98116,2,1.0,1.0,1.0,75.0,98.0
98126,3,1.0,1.0,2.0,72.0,96.0
98136,4,1.0,2.0,5.0,165.0,100.0
98126,6,2.0,2.0,3.0,125.0,96.0
98126,2,1.0,1.0,1.0,125.0,98.0
98126,3,1.0,0.0,2.0,120.0,80.0
98126,2,0.5,1.0,1.0,75.0,93.0
98136,4,1.5,1.0,2.0,200.0,96.0
98136,2,1.0,1.0,1.0,125.0,100.0
98126,5,1.0,1.0,2.0,75.0,99.0
98126,4,1.0,2.0,2.0,119.0,91.0
98126,12,1.0,2.0,4.0,117.0,89.0
98126,2,1.0,0.0,2.0,85.0,100.0
98126,4,1.0,2.0,2.0,200.0,100.0
98126,4,2.0,2.0,2.0,129.0,96.0
98126,2,1.0,1.0,1.0,70.0,100.0
98126,2,1.0,1.0,1.0,65.0,83.0
98126,2,1.0,1.0,1.0,110.0,99.0
98136,2,1.5,1.0,1.0,109.0,90.0
98126,2,1.0,0.0,1.0,88.0,97.0
98126,4,1.0,1.0,1.0,75.0,96.0
98126,2,1.0,1.0,1.0,65.0,100.0
98118,2,1.0,1.0,1.0,75.0,94.0
98116,4,1.0,2.0,2.0,136.0,97.0
98126,5,1.0,1.0,3.0,139.0,93.0
98116,3,1.0,1.0,1.0,79.0,96.0
98116,2,1.0,1.0,1.0,95.0,90.0
98116,2,1.0,1.0,1.0,55.0,99.0
98116,2,1.0,1.0,1.0,49.0,100.0
98116,2,1.0,1.0,1.0,65.0,100.0
98116,2,1.0,1.0,1.0,85.0,98.0
98116,1,1.0,1.0,1.0,39.0,98.0
98116,2,1.0,1.0,1.0,75.0,96.0
98116,2,1.0,1.0,1.0,75.0,100.0
98116,5,2.5,3.0,3.0,215.0,100.0
98126,4,1.0,1.0,2.0,99.0,95.0
98116,4,1.0,2.0,2.0,165.0,100.0
98116,4,1.0,2.0,2.0,165.0,100.0
98116,10,1.5,3.0,5.0,150.0,80.0
98126,10,2.0,3.0,6.0,249.0,100.0
98116,2,1.5,1.0,1.0,51.0,96.0
98126,6,1.0,2.0,3.0,129.0,90.0
98116,2,1.0,1.0,1.0,79.0,100.0
98116,2,1.0,1.0,1.0,65.0,98.0
98116,2,1.0,1.0,1.0,49.0,100.0
98116,7,2.5,3.0,3.0,180.0,93.0
98116,2,1.0,1.0,1.0,30.0,95.0
98116,7,1.5,3.0,4.0,250.0,100.0
98116,3,1.0,2.0,2.0,150.0,99.0
98116,2,1.0,1.0,1.0,56.0,98.0
98126,6,2.5,3.0,3.0,300.0,100.0
98116,1,1.0,1.0,1.0,45.0,98.0
98116,4,1.5,2.0,2.0,110.0,98.0
98116,1,1.0,1.0,1.0,99.0,98.0
98119,2,1.0,1.0,1.0,53.0,96.0
98199,2,1.0,1.0,1.0,75.0,100.0
98199,2,1.0,1.0,1.0,75.0,97.0
98199,1,2.5,1.0,1.0,90.0,100.0
98119,2,1.0,1.0,1.0,69.0,93.0
98119,2,1.0,1.0,1.0,50.0,80.0
98199,4,1.0,1.0,1.0,150.0,97.0
98119,4,1.0,2.0,2.0,150.0,89.0
98104,2,1.0,1.0,1.0,150.0,89.0
98134,4,1.0,2.0,3.0,320.0,90.0
98134,4,2.5,1.0,2.0,150.0,93.0
98108,2,1.0,1.0,1.0,65.0,99.0
98118,2,1.0,1.0,1.0,45.0,94.0
98108,4,1.0,1.0,2.0,80.0,97.0
98108,2,1.0,1.0,1.0,50.0,89.0
98108,4,1.0,1.0,2.0,89.0,96.0
98108,1,2.0,1.0,1.0,35.0,93.0
98108,2,2.0,1.0,1.0,55.0,91.0
98108,1,2.0,1.0,1.0,35.0,93.0
98108,1,1.0,1.0,1.0,35.0,94.0
98108,2,1.0,1.0,1.0,58.0,89.0
98108,6,2.5,3.0,3.0,170.0,92.0
98108,2,1.0,1.0,1.0,85.0,99.0
98108,1,1.0,1.0,1.0,38.0,89.0
98108,3,2.5,2.0,2.0,104.0,93.0
98108,10,2.0,4.0,7.0,150.0,93.0
98108,2,2.0,1.0,1.0,55.0,93.0
98108,2,1.0,1.0,1.0,130.0,95.0
98108,1,1.0,1.0,1.0,38.0,91.0
98108,2,1.0,1.0,1.0,122.0,99.0
98108,2,1.0,1.0,1.0,55.0,100.0
98108,6,1.0,3.0,3.0,109.0,97.0
98108,6,1.0,2.0,3.0,199.0,88.0
98108,4,1.0,1.0,2.0,100.0,95.0
98108,2,1.0,1.0,2.0,45.0,91.0
98108,2,1.0,1.0,1.0,80.0,100.0
98108,2,1.0,0.0,1.0,99.0,98.0
98108,2,1.0,1.0,1.0,69.0,97.0
98108,2,3.0,1.0,1.0,65.0,95.0
98118,2,1.0,1.0,1.0,60.0,87.0
98118,8,1.0,3.0,3.0,175.0,92.0
98117,5,1.0,1.0,2.0,80.0,86.0
98117,2,1.0,0.0,1.0,85.0,96.0
98103,6,2.0,3.0,4.0,215.0,100.0
98133,6,1.0,2.0,3.0,105.0,92.0
98103,2,1.0,0.0,1.0,90.0,95.0
98117,6,1.0,2.0,3.0,125.0,95.0
98117,4,1.0,2.0,2.0,105.0,99.0
98103,2,1.0,1.0,1.0,34.0,57.0
98103,2,1.5,1.0,1.0,85.0,95.0
98103,1,1.0,1.0,1.0,49.0,86.0
98117,2,0.5,1.0,1.0,50.0,93.0
98103,2,1.0,1.0,1.0,50.0,87.0
98117,2,1.0,1.0,1.0,40.0,100.0
98103,2,1.0,1.0,1.0,40.0,100.0
98117,2,1.0,1.0,2.0,25.0,90.0
98177,2,2.0,1.0,1.0,49.0,80.0
98133,6,1.5,2.0,3.0,129.0,80.0
98103,5,2.0,2.0,2.0,175.0,100.0
98117,2,1.0,1.0,2.0,42.0,95.0
98103,6,3.5,3.0,3.0,299.0,100.0
98103,5,1.0,1.0,2.0,99.0,100.0
98117,4,1.5,2.0,2.0,175.0,100.0
98117,3,1.0,1.0,2.0,120.0,97.0
98103,2,1.0,1.0,1.0,56.0,94.0
98117,1,1.0,1.0,1.0,55.0,100.0
98103,6,2.0,2.0,2.0,235.0,100.0
98103,4,1.0,1.0,1.0,100.0,100.0
98103,2,1.0,1.0,1.0,60.0,99.0
98133,4,1.0,1.0,1.0,67.0,84.0
98117,4,1.0,1.0,1.0,95.0,97.0
98133,5,2.0,2.0,2.0,115.0,93.0
98103,2,1.0,1.0,1.0,50.0,95.0
98103,6,2.0,3.0,4.0,199.0,91.0
98103,3,1.0,1.0,1.0,86.0,96.0
98103,7,1.0,2.0,4.0,175.0,91.0
98103,1,1.0,1.0,1.0,55.0,83.0
98133,2,1.0,1.0,1.0,68.0,93.0
98103,2,1.0,1.0,1.0,60.0,95.0
98103,2,1.0,1.0,1.0,90.0,98.0
98117,8,1.5,3.0,4.0,139.0,98.0
98133,2,1.0,1.0,1.0,51.0,100.0
98117,2,1.0,1.0,1.0,50.0,94.0
98103,3,1.0,1.0,2.0,80.0,100.0
98133,2,1.0,1.0,1.0,95.0,100.0
98117,2,2.0,1.0,1.0,85.0,96.0
98103,5,1.0,2.0,6.0,100.0,90.0
98117,2,1.0,1.0,1.0,63.0,96.0
98103,4,1.0,2.0,1.0,100.0,100.0
98103,5,1.0,2.0,3.0,135.0,91.0
98103,4,1.0,1.0,2.0,69.0,80.0
98117,4,1.0,1.0,3.0,280.0,90.0
98117,4,1.0,1.0,3.0,160.0,100.0
98103,4,1.0,1.0,2.0,75.0,100.0
98103,5,1.0,3.0,3.0,98.0,85.0
98103,3,1.0,2.0,2.0,109.0,93.0
98103,5,2.0,4.0,3.0,225.0,100.0
98103,2,1.0,1.0,1.0,69.0,96.0
98103,4,1.0,2.0,3.0,75.0,94.0
98103,10,3.0,4.0,5.0,300.0,85.0
98117,2,1.0,1.0,1.0,85.0,98.0
98103,2,1.0,1.0,1.0,52.0,95.0
98117,2,1.0,1.0,1.0,100.0,97.0
98103,1,1.0,1.0,1.0,50.0,89.0
98117,2,1.0,1.0,1.0,35.0,89.0
98103,2,1.0,1.0,1.0,66.0,94.0
98103,4,1.0,2.0,2.0,99.0,100.0
98117,7,1.0,2.0,3.0,89.0,90.0
98118,2,1.0,1.0,1.0,45.0,97.0
98108,2,1.5,1.0,1.0,60.0,100.0
98118,10,2.0,3.0,3.0,215.0,83.0
98118,2,1.0,0.0,1.0,138.0,88.0
98136,6,2.5,3.0,3.0,270.0,100.0
98136,9,4.0,5.0,5.0,495.0,100.0
98136,4,1.5,2.0,3.0,165.0,91.0
98136,4,2.0,1.0,2.0,129.0,99.0
98136,2,1.0,1.0,2.0,75.0,97.0
98136,7,1.5,3.0,4.0,177.0,90.0
98136,5,1.5,1.0,2.0,85.0,98.0
98136,2,1.0,1.0,1.0,87.0,90.0
98136,2,1.0,1.0,1.0,78.0,100.0
98144,2,1.5,1.0,1.0,60.0,96.0
98144,2,1.0,1.0,1.0,80.0,100.0
98144,4,2.5,2.0,2.0,180.0,100.0
98144,2,1.0,1.0,1.0,39.0,96.0
98144,2,1.0,1.0,1.0,60.0,98.0
98144,1,1.0,1.0,1.0,42.0,96.0
98144,2,1.5,1.0,1.0,126.0,97.0
98144,1,1.0,1.0,1.0,60.0,100.0
98144,3,2.0,1.0,2.0,89.0,100.0
98144,3,1.0,1.0,2.0,79.0,90.0
98144,6,1.0,1.0,4.0,169.0,87.0
98144,3,1.0,1.0,3.0,79.0,95.0
98144,2,1.0,1.0,1.0,69.0,86.0
98144,1,1.0,1.0,1.0,60.0,90.0
98144,4,0.5,1.0,2.0,65.0,100.0
98144,2,1.5,1.0,1.0,100.0,91.0
98144,3,1.0,0.0,1.0,90.0,98.0
98144,2,1.0,1.0,1.0,59.0,86.0
98144,3,1.0,2.0,2.0,70.0,91.0
98144,3,1.0,1.0,2.0,65.0,93.0
98144,6,1.0,2.0,2.0,85.0,97.0
98144,4,1.0,1.0,1.0,74.0,70.0
98144,2,1.0,0.0,1.0,99.0,94.0
98144,14,3.0,5.0,9.0,399.0,87.0
98144,2,0.5,1.0,1.0,65.0,92.0
98144,8,2.0,3.0,5.0,219.0,86.0
98144,7,1.0,2.0,4.0,165.0,89.0
98144,2,1.5,1.0,1.0,87.0,95.0
98144,2,1.0,1.0,1.0,75.0,97.0
98144,1,1.0,1.0,1.0,30.0,94.0
98144,2,1.0,1.0,1.0,55.0,100.0
98144,2,1.0,1.0,2.0,45.0,100.0
98144,1,1.0,1.0,1.0,50.0,100.0
98144,6,2.0,2.0,2.0,149.0,87.0
98144,2,1.0,1.0,1.0,99.0,100.0
98144,3,1.0,1.0,1.0,69.0,95.0
98144,3,1.0,1.0,1.0,69.0,91.0
98144,2,1.0,1.0,1.0,80.0,97.0
98144,2,1.0,1.0,1.0,55.0,94.0
98144,2,1.0,1.0,1.0,75.0,94.0
98144,2,1.0,1.0,1.0,50.0,100.0
98144,3,1.0,1.0,1.0,69.0,91.0
98144,5,1.0,1.0,4.0,112.0,91.0
98144,3,1.0,1.0,1.0,65.0,98.0
98144,6,1.0,3.0,3.0,104.0,82.0
98144,1,1.5,1.0,1.0,60.0,95.0
98144,2,1.0,1.0,1.0,60.0,80.0
98144,1,2.5,1.0,2.0,105.0,100.0
98144,5,1.0,2.0,2.0,144.0,99.0
98144,2,1.0,1.0,1.0,69.0,98.0
98144,4,1.0,2.0,2.0,108.0,98.0
98122,4,2.0,1.0,1.0,159.0,96.0
98144,4,1.0,2.0,3.0,85.0,98.0
98144,4,1.0,2.0,2.0,135.0,99.0
98144,3,1.0,1.0,2.0,120.0,91.0
98144,3,1.0,1.0,1.0,70.0,91.0
98144,2,1.5,1.0,1.0,150.0,96.0
98144,5,2.5,2.0,2.0,120.0,80.0
98144,2,0.5,1.0,1.0,65.0,96.0
98144,1,1.0,1.0,1.0,60.0,98.0
98144,1,1.0,1.0,1.0,36.0,94.0
98144,2,1.0,1.0,1.0,95.0,95.0
98144,3,1.0,1.0,2.0,75.0,96.0
98144,2,1.0,1.0,1.0,63.0,100.0
98144,2,1.0,1.0,1.0,60.0,97.0
98144,1,1.0,1.0,1.0,37.0,95.0
98144,2,1.0,1.0,1.0,85.0,100.0
98144,2,1.0,1.0,1.0,85.0,100.0
98118,4,1.0,1.0,3.0,84.0,97.0
98118,1,1.0,1.0,1.0,39.0,98.0
98118,5,1.0,1.0,2.0,105.0,94.0
98118,3,0.5,0.0,2.0,105.0,97.0
98118,2,1.0,1.0,1.0,34.0,93.0
98118,3,1.0,1.0,2.0,35.0,92.0
98118,2,1.0,1.0,1.0,65.0,97.0
98118,4,1.0,1.0,2.0,75.0,90.0
98118,12,3.0,4.0,6.0,199.0,98.0
98118,2,1.0,1.0,1.0,45.0,96.0
98118,2,1.0,1.0,1.0,85.0,96.0
98106,5,2.5,3.0,3.0,150.0,89.0
98106,3,1.0,1.0,1.0,41.0,100.0
98106,4,1.0,1.0,2.0,99.0,97.0
98106,3,1.0,1.0,1.0,95.0,96.0
98106,4,1.0,0.0,1.0,79.0,98.0
98106,2,1.0,1.0,1.0,70.0,90.0
98106,2,1.0,1.0,1.0,48.0,96.0
98106,2,1.0,1.0,1.0,65.0,96.0
98106,2,1.0,1.0,1.0,55.0,100.0
98106,6,1.0,3.0,3.0,99.0,93.0
98115,3,1.0,1.0,1.0,110.0,100.0
98115,4,2.0,2.0,2.0,120.0,95.0
98115,2,1.0,1.0,1.0,49.0,86.0
98115,6,2.0,4.0,4.0,244.0,100.0
98115,5,1.0,2.0,3.0,125.0,100.0
98115,8,2.0,3.0,4.0,175.0,60.0
98118,2,1.0,1.0,1.0,38.0,100.0
98118,6,1.0,1.0,1.0,70.0,98.0
98118,4,2.0,3.0,2.0,65.0,100.0
98118,4,1.0,2.0,2.0,99.0,90.0
98118,6,3.0,3.0,3.0,295.0,100.0
98118,2,1.0,1.0,1.0,95.0,100.0
98118,4,1.0,1.0,1.0,45.0,94.0
98118,2,2.0,1.0,1.0,68.0,96.0
98118,2,1.0,1.0,2.0,55.0,93.0
98118,2,1.0,1.0,1.0,40.0,93.0
98118,2,1.0,1.0,1.0,48.0,92.0
98118,2,1.0,1.0,1.0,50.0,100.0
98118,2,1.0,1.0,1.0,60.0,94.0
98118,2,1.0,1.0,1.0,100.0,77.0
98118,14,2.0,2.0,3.0,200.0,100.0
98118,2,1.0,1.0,1.0,35.0,95.0
98178,2,1.0,1.0,1.0,67.0,99.0
98118,2,1.0,1.0,1.0,55.0,92.0
98118,2,1.0,1.0,1.0,65.0,100.0
98178,12,3.0,4.0,4.0,169.0,91.0
98178,2,0.0,0.0,2.0,75.0,91.0
98118,3,1.0,1.0,2.0,88.0,95.0
98118,2,1.0,1.0,1.0,60.0,100.0
98118,2,1.0,1.0,1.0,35.0,90.0
98118,2,1.0,1.0,1.0,57.0,95.0
98118,2,1.0,1.0,1.0,37.0,98.0
98118,2,1.0,1.0,1.0,60.0,92.0
98118,2,1.0,1.0,1.0,39.0,97.0
98118,1,1.0,1.0,1.0,42.0,99.0
98178,2,1.0,1.0,1.0,60.0,93.0
98118,2,1.0,1.0,1.0,69.0,98.0
98108,2,1.0,1.0,1.0,69.0,95.0
98144,5,2.5,2.0,4.0,300.0,80.0
98118,3,1.0,1.0,1.0,65.0,95.0
98118,2,1.5,1.0,1.0,50.0,91.0
98118,2,1.5,1.0,1.0,65.0,98.0
98118,2,1.0,1.0,1.0,65.0,97.0
98118,2,1.0,0.0,1.0,90.0,98.0
98118,2,1.0,0.0,1.0,80.0,94.0
98118,2,1.0,1.0,1.0,99.0,97.0
98118,4,1.0,1.0,2.0,75.0,96.0
98118,2,1.0,1.0,1.0,110.0,87.0
98118,6,1.0,2.0,3.0,125.0,92.0
98118,3,1.0,1.0,1.0,90.0,96.0
98108,2,1.5,1.0,1.0,40.0,93.0
98108,2,1.0,1.0,1.0,50.0,98.0
98118,6,2.5,3.0,3.0,97.0,100.0
98118,10,2.0,3.0,5.0,195.0,71.0
98144,9,2.5,3.0,6.0,195.0,100.0
98118,2,1.0,1.0,1.0,95.0,97.0
98108,2,1.5,1.0,1.0,72.0,97.0
98118,2,1.0,1.0,1.0,100.0,96.0
98108,2,1.0,1.0,1.0,55.0,99.0
98144,3,1.0,1.0,1.0,65.0,91.0
98118,5,1.0,2.0,2.0,124.0,91.0
98108,2,1.0,1.0,1.0,70.0,95.0
98108,2,1.0,1.0,1.0,65.0,88.0
98118,2,1.0,1.0,1.0,65.0,92.0
98108,2,1.5,1.0,1.0,72.0,97.0
98118,6,1.0,3.0,4.0,115.0,97.0
98108,6,2.0,3.0,3.0,220.0,95.0
98118,1,1.0,1.0,1.0,45.0,100.0
98118,3,1.0,1.0,1.0,90.0,97.0
98118,2,1.0,0.0,1.0,90.0,86.0
98108,1,2.5,1.0,1.0,25.0,92.0
98118,6,2.5,3.0,2.0,175.0,93.0
98108,6,2.5,3.0,2.0,150.0,97.0
98118,3,1.0,1.0,2.0,85.0,98.0
98118,4,1.5,1.0,2.0,49.0,100.0
98118,7,1.0,2.0,3.0,110.0,92.0
98118,2,1.0,1.0,1.0,65.0,96.0
98118,2,1.0,1.0,1.0,65.0,99.0
98118,2,1.0,1.0,1.0,85.0,100.0
98144,2,1.0,1.0,2.0,90.0,95.0
98118,2,1.0,1.0,1.0,70.0,96.0
98118,6,1.0,3.0,4.0,199.0,94.0
98118,8,2.0,3.0,5.0,109.0,100.0
98118,4,1.0,1.0,2.0,70.0,98.0
98118,2,1.5,1.0,1.0,58.0,97.0
98118,2,1.0,1.0,1.0,35.0,100.0
98118,8,3.0,4.0,5.0,300.0,94.0
98118,2,1.0,1.0,1.0,95.0,98.0
98144,2,1.0,1.0,1.0,49.0,100.0
98144,2,1.0,1.0,1.0,49.0,100.0
98144,4,1.0,1.0,1.0,95.0,97.0
98144,2,1.0,1.0,1.0,70.0,98.0
98144,1,1.0,1.0,1.0,90.0,100.0
98144,7,3.0,3.0,3.0,150.0,93.0
98118,1,1.0,1.0,1.0,42.0,96.0
98144,2,1.5,1.0,1.0,59.0,100.0
98144,3,2.0,1.0,2.0,125.0,100.0
98118,3,1.0,1.0,1.0,85.0,90.0
98144,2,1.0,1.0,1.0,80.0,100.0
98144,3,1.0,0.0,1.0,125.0,99.0
98144,5,1.0,1.0,3.0,90.0,95.0
98144,5,2.0,2.0,3.0,125.0,100.0
98118,4,1.0,1.0,2.0,70.0,100.0
98118,2,1.0,1.0,1.0,99.0,100.0
98144,6,1.0,2.0,3.0,155.0,100.0
98144,4,1.5,2.0,2.0,140.0,80.0
98118,2,1.5,1.0,1.0,50.0,89.0
98118,6,2.0,3.0,3.0,139.0,89.0
98118,5,1.5,2.0,2.0,126.0,94.0
98118,2,1.0,1.0,1.0,105.0,96.0
98144,2,1.0,1.0,1.0,80.0,99.0
98118,2,1.5,1.0,1.0,92.0,96.0
98144,2,1.0,1.0,1.0,69.0,98.0
98144,2,1.0,1.0,1.0,75.0,92.0
98144,6,1.0,2.0,3.0,150.0,85.0
98144,2,1.0,1.0,2.0,150.0,98.0
98118,2,1.0,1.0,1.0,54.0,94.0
98118,2,1.0,1.0,1.0,52.0,96.0
98144,4,1.0,2.0,3.0,150.0,100.0
98118,2,1.0,1.0,1.0,80.0,94.0
98144,4,1.0,2.0,2.0,200.0,80.0
98144,2,1.0,1.0,1.0,68.0,99.0
98144,2,1.0,1.0,1.0,49.0,100.0
98144,2,1.0,1.0,1.0,39.0,93.0
98144,3,1.0,1.0,1.0,95.0,91.0
98144,2,1.0,1.0,1.0,89.0,96.0
98118,2,1.0,1.0,1.0,62.0,95.0
98144,4,2.0,2.0,1.0,81.0,40.0
98118,2,1.0,0.0,1.0,70.0,87.0
98118,2,1.0,1.0,1.0,110.0,95.0
98118,2,1.0,1.0,1.0,63.0,100.0
98118,3,1.0,1.0,2.0,70.0,92.0
98118,2,1.0,1.0,1.0,60.0,100.0
98118,2,1.0,1.0,1.0,39.0,97.0
98118,2,1.0,1.0,1.0,36.0,94.0
98118,2,1.0,0.0,1.0,100.0,94.0
98118,6,2.0,3.0,4.0,250.0,80.0
98118,2,1.0,1.0,1.0,38.0,93.0
98118,2,1.0,1.0,1.0,65.0,95.0
98118,2,1.0,1.0,1.0,68.0,97.0
98118,4,1.0,2.0,2.0,110.0,95.0
98118,2,1.0,1.0,1.0,100.0,99.0
98118,5,1.0,2.0,2.0,99.0,100.0
98118,2,1.0,1.0,1.0,34.0,96.0
98118,2,1.0,1.0,1.0,41.0,95.0
98118,4,1.0,1.0,2.0,98.0,80.0
98118,5,2.0,2.0,3.0,188.0,96.0
98118,3,1.0,0.0,2.0,85.0,100.0
98118,2,1.0,0.0,1.0,80.0,96.0
98118,8,1.5,4.0,4.0,150.0,90.0
98118,5,2.0,3.0,3.0,160.0,100.0
98118,4,1.0,1.0,3.0,75.0,94.0
98118,4,1.0,1.0,2.0,75.0,96.0
98118,3,1.0,0.0,1.0,95.0,96.0
98118,4,1.0,1.0,1.0,90.0,88.0
98118,7,1.0,2.0,5.0,250.0,100.0
98118,8,1.0,1.0,3.0,115.0,95.0
98118,2,1.0,1.0,1.0,45.0,95.0
98118,4,1.0,2.0,2.0,168.0,95.0
98118,2,1.0,1.0,1.0,127.0,99.0
98118,2,1.0,1.0,1.0,35.0,95.0
98118,2,1.0,1.0,2.0,65.0,99.0
98118,7,3.5,3.0,5.0,279.0,100.0
98118,4,1.0,1.0,2.0,93.0,93.0
98118,2,1.0,1.0,1.0,65.0,96.0
98118,8,2.0,4.0,5.0,150.0,100.0
98118,8,2.0,3.0,3.0,375.0,94.0
98106,2,1.0,0.0,1.0,85.0,100.0
98106,2,1.0,1.0,1.0,55.0,100.0
98106,2,1.0,1.0,1.0,35.0,100.0
98106,2,1.0,1.0,1.0,75.0,96.0
98106,2,1.0,1.0,1.0,65.0,96.0
98106,2,1.0,1.0,1.0,99.0,100.0
98106,4,1.0,2.0,2.0,75.0,100.0
98106,4,1.5,1.0,1.0,80.0,96.0
98106,3,1.0,1.0,2.0,85.0,98.0
98126,3,1.0,1.0,2.0,95.0,95.0
98126,3,1.0,0.0,2.0,69.0,99.0
98106,2,1.0,1.0,1.0,42.0,100.0
98126,2,1.0,1.0,1.0,70.0,99.0
98106,2,1.0,1.0,1.0,55.0,100.0
98106,1,1.5,1.0,1.0,47.0,95.0
98106,6,2.5,2.0,3.0,148.0,92.0
98106,4,1.0,0.0,2.0,95.0,97.0
98126,2,2.5,1.0,1.0,49.0,98.0
98126,2,1.0,1.0,1.0,65.0,96.0
98126,2,1.0,0.0,1.0,58.0,91.0
98106,2,1.5,1.0,1.0,55.0,93.0
98106,5,1.0,2.0,3.0,129.0,98.0
98126,3,1.0,2.0,2.0,95.0,100.0
98106,3,1.0,1.0,2.0,49.0,96.0
98106,2,1.0,1.0,1.0,85.0,80.0
98115,2,1.0,1.0,1.0,59.0,95.0
98125,2,1.0,1.0,1.0,51.0,100.0
98115,8,2.0,4.0,4.0,200.0,98.0
98115,5,1.0,2.0,2.0,100.0,96.0
98115,2,1.0,0.0,1.0,79.0,97.0
98115,2,1.0,1.0,1.0,90.0,96.0
98125,1,1.0,1.0,1.0,30.0,100.0
98125,1,1.0,1.0,1.0,35.0,89.0
98115,2,1.0,1.0,1.0,45.0,87.0
98125,5,1.0,1.0,3.0,95.0,87.0
98125,2,1.0,1.0,1.0,64.0,93.0
98115,4,1.0,1.0,2.0,51.0,100.0
98125,4,1.0,1.0,2.0,75.0,92.0
98125,4,2.0,2.0,3.0,94.0,100.0
98115,2,1.0,1.0,1.0,100.0,100.0
98115,3,1.0,1.0,2.0,69.0,93.0
98115,8,1.0,3.0,3.0,139.0,90.0
98125,1,1.0,1.0,1.0,55.0,100.0
98115,3,1.0,1.0,1.0,50.0,93.0
98115,3,1.0,1.0,1.0,120.0,100.0
98115,2,2.0,1.0,2.0,59.0,80.0
98115,8,2.0,3.0,3.0,135.0,96.0
98125,2,1.0,1.0,1.0,110.0,99.0
98115,6,1.0,2.0,2.0,137.0,94.0
98115,4,1.0,1.0,2.0,67.0,93.0
98115,4,1.0,1.0,1.0,110.0,97.0
98125,2,1.0,1.0,1.0,65.0,95.0
98125,1,1.0,1.0,1.0,37.0,100.0
98115,2,1.0,1.0,1.0,65.0,98.0
98115,2,1.0,1.0,1.0,130.0,100.0
98115,3,1.0,0.0,1.0,79.0,96.0
98115,4,1.0,1.0,1.0,95.0,96.0
98115,2,1.0,0.0,1.0,80.0,98.0
98105,2,1.0,1.0,1.0,85.0,98.0
98105,6,1.0,2.0,3.0,98.0,100.0
98115,2,1.0,1.0,1.0,109.0,100.0
98115,1,1.0,1.0,1.0,28.0,95.0
98115,2,1.0,1.0,1.0,63.0,94.0
98115,3,1.0,1.0,1.0,35.0,97.0
98105,1,1.0,1.0,1.0,42.0,65.0
98115,2,2.0,1.0,1.0,29.0,100.0
98115,2,1.0,1.0,1.0,70.0,95.0
98105,2,1.0,1.0,1.0,74.0,98.0
98115,1,1.0,1.0,1.0,75.0,100.0
98105,2,1.0,1.0,1.0,85.0,97.0
98115,2,1.0,1.0,1.0,93.0,99.0
98115,3,1.0,1.0,1.0,86.0,96.0
98115,4,1.0,1.0,2.0,80.0,98.0
98105,8,2.0,4.0,6.0,280.0,98.0
98115,6,1.0,2.0,4.0,138.0,100.0
98115,2,1.0,0.0,1.0,100.0,87.0
98115,2,1.0,1.0,1.0,45.0,95.0
98115,2,1.0,1.0,1.0,39.0,100.0
98115,6,1.0,2.0,3.0,127.0,99.0
98105,3,1.0,2.0,3.0,110.0,67.0
98115,2,1.0,1.0,1.0,40.0,100.0
98105,1,1.5,1.0,1.0,40.0,98.0
98105,4,1.0,1.0,2.0,125.0,77.0
98105,1,1.0,1.0,1.0,39.0,83.0
98115,8,2.5,3.0,3.0,325.0,76.0
98105,4,1.0,2.0,1.0,95.0,99.0
98105,6,1.0,1.0,2.0,115.0,87.0
98115,8,1.0,3.0,4.0,245.0,53.0
98115,4,1.0,1.0,2.0,69.0,95.0
98115,3,1.0,1.0,1.0,129.0,100.0
98115,2,1.0,1.0,1.0,28.0,90.0
98105,3,1.0,1.0,1.0,105.0,91.0
98115,1,1.0,1.0,1.0,38.0,96.0
98105,1,1.0,1.0,1.0,39.0,80.0
98105,4,2.0,2.0,2.0,80.0,80.0
98115,3,1.0,1.0,2.0,110.0,80.0
98105,4,1.0,1.0,4.0,100.0,94.0
98105,1,2.0,1.0,1.0,50.0,80.0
98115,4,1.0,1.0,2.0,75.0,98.0
98115,3,1.0,1.0,2.0,85.0,98.0
98115,2,1.0,1.0,1.0,70.0,96.0
98105,1,1.5,1.0,1.0,45.0,96.0
98105,2,2.0,1.0,1.0,60.0,60.0
98105,2,1.0,1.0,1.0,95.0,98.0
98115,3,0.5,0.0,2.0,39.0,94.0
98115,2,1.0,0.0,2.0,88.0,98.0
98115,8,3.0,3.0,3.0,175.0,93.0
98115,2,1.0,1.0,1.0,80.0,90.0
98115,2,1.0,1.0,1.0,35.0,93.0
98115,4,1.0,1.0,1.0,84.0,98.0
98105,1,1.0,1.0,1.0,49.0,80.0
98115,6,2.0,3.0,3.0,196.0,98.0
98106,4,1.5,2.0,2.0,120.0,100.0
98106,2,1.0,0.0,1.0,55.0,100.0
98106,2,1.0,1.0,1.0,60.0,100.0
98106,5,1.0,2.0,3.0,129.0,90.0
98106,3,1.0,1.0,2.0,90.0,97.0
98106,2,1.0,1.0,1.0,70.0,98.0
98106,2,1.0,1.0,1.0,65.0,96.0
98106,2,1.0,1.0,1.0,55.0,97.0
98102,3,1.0,1.0,2.0,120.0,95.0
98102,8,3.5,4.0,5.0,525.0,85.0
98102,4,1.0,1.0,2.0,99.0,100.0
98102,1,1.5,1.0,1.0,90.0,99.0
98102,10,4.0,6.0,7.0,750.0,94.0
98102,6,2.0,3.0,3.0,250.0,93.0
98102,2,1.0,1.0,1.0,125.0,99.0
98102,2,1.5,1.0,1.0,130.0,100.0
98102,2,1.0,1.0,1.0,135.0,76.0
98102,4,2.0,2.0,2.0,257.0,100.0
98102,3,1.0,1.0,1.0,90.0,100.0
98102,5,1.0,2.0,3.0,160.0,92.0
98105,2,1.0,1.0,1.0,66.0,96.0
98105,2,1.0,1.0,1.0,65.0,92.0
98105,2,1.0,1.0,1.0,60.0,87.0
98105,4,3.0,2.0,2.0,295.0,99.0
98105,2,1.0,0.0,2.0,79.0,100.0
98105,2,1.0,1.0,1.0,58.0,100.0
98105,6,2.0,3.0,2.0,250.0,100.0
98115,3,1.0,1.0,3.0,50.0,97.0
98115,2,1.0,1.0,1.0,89.0,98.0
98115,2,1.0,1.0,1.0,47.0,100.0
98105,5,1.0,3.0,3.0,189.0,100.0
98105,4,1.0,2.0,2.0,175.0,90.0
98105,3,1.0,1.0,1.0,95.0,93.0
98105,4,1.0,2.0,2.0,80.0,80.0
98115,4,1.0,1.0,2.0,95.0,100.0
98115,3,1.0,0.0,2.0,65.0,85.0
98105,6,2.0,2.0,2.0,150.0,80.0
98105,2,1.0,1.0,1.0,94.0,99.0
98105,2,1.0,1.0,2.0,109.0,96.0
98105,2,1.0,1.0,1.0,62.0,94.0
98105,3,2.0,2.0,2.0,150.0,100.0
98105,2,1.0,1.0,1.0,64.0,96.0
98115,2,1.0,1.0,1.0,100.0,99.0
98105,2,1.0,1.0,1.0,45.0,100.0
98115,3,1.5,2.0,2.0,180.0,100.0
98112,4,1.0,1.0,2.0,125.0,98.0
98102,7,1.0,2.0,3.0,129.0,84.0
98112,5,1.0,2.0,3.0,130.0,80.0
98112,2,0.0,1.0,1.0,55.0,97.0
98102,6,1.0,2.0,4.0,160.0,88.0
98112,2,0.0,1.0,1.0,55.0,97.0
98102,4,1.0,1.0,2.0,115.0,98.0
98102,7,3.5,4.0,4.0,260.0,100.0
98102,2,1.0,1.0,1.0,110.0,95.0
98112,9,2.5,4.0,5.0,750.0,99.0
98102,2,1.0,1.0,1.0,89.0,98.0
98102,2,1.0,0.0,1.0,200.0,100.0
98112,9,3.5,4.0,5.0,400.0,100.0
98112,2,1.5,1.0,1.0,100.0,98.0
98112,2,1.0,1.0,1.0,125.0,96.0
98112,2,1.0,1.0,1.0,115.0,99.0
98102,1,1.0,1.0,1.0,59.0,95.0
98102,2,1.0,1.0,1.0,122.0,94.0
98102,6,2.0,2.0,2.0,175.0,90.0
98102,2,1.0,1.0,1.0,69.0,97.0
98102,5,1.0,2.0,2.0,150.0,100.0
98102,2,1.0,0.0,1.0,95.0,95.0
98122,2,1.0,0.0,1.0,100.0,93.0
98102,3,1.0,0.0,1.0,175.0,93.0
98122,4,2.0,2.0,2.0,195.0,97.0
98102,2,1.0,1.0,1.0,145.0,93.0
98102,3,1.0,0.0,1.0,100.0,96.0
98122,3,1.0,1.0,1.0,150.0,100.0
98102,9,3.5,5.0,5.0,550.0,94.0
98122,2,1.0,1.0,1.0,162.0,80.0
98102,3,1.0,1.0,1.0,185.0,100.0
98102,2,1.0,1.0,1.0,50.0,100.0
98122,6,1.0,0.0,3.0,130.0,88.0
98112,2,1.0,1.0,1.0,79.0,94.0
98112,2,1.0,0.0,1.0,85.0,91.0
98112,2,1.0,0.0,1.0,70.0,89.0
98102,2,1.0,0.0,1.0,85.0,100.0
98102,2,1.0,1.0,1.0,62.0,100.0
98102,2,1.0,0.0,1.0,119.0,96.0
98122,3,1.0,0.0,1.0,149.0,98.0
98102,5,1.0,1.0,1.0,139.0,97.0
98102,4,1.0,1.0,2.0,150.0,99.0
98122,2,1.0,1.0,1.0,148.0,70.0
98122,2,1.0,1.0,1.0,79.0,89.0
98102,2,1.0,0.0,1.0,69.0,100.0
98102,6,2.5,2.0,3.0,147.0,98.0
98102,8,2.5,3.0,4.0,256.0,98.0
98122,3,1.0,1.0,1.0,129.0,96.0
98102,1,1.0,0.0,1.0,59.0,80.0
98122,2,1.0,1.0,1.0,79.0,84.0
98122,4,1.0,1.0,1.0,150.0,93.0
98102,4,1.0,2.0,2.0,175.0,93.0
98122,4,1.0,1.0,2.0,100.0,90.0
98122,2,1.0,0.0,1.0,75.0,94.0
98102,2,1.0,0.0,1.0,69.0,100.0
98102,2,1.0,0.0,1.0,103.0,96.0
98122,2,1.0,0.0,1.0,80.0,88.0
98102,2,1.0,1.0,1.0,90.0,97.0
98102,2,1.5,1.0,1.0,69.0,99.0
98122,2,1.0,1.0,1.0,120.0,72.0
98102,2,1.0,1.0,1.0,65.0,87.0
98122,2,1.0,0.0,1.0,99.0,100.0
98122,4,1.0,1.0,2.0,110.0,92.0
98122,2,1.0,1.0,1.0,98.0,96.0
98102,8,2.0,2.0,3.0,325.0,90.0
98102,4,1.0,0.0,2.0,90.0,90.0
98102,2,1.0,0.0,1.0,110.0,97.0
98122,5,2.0,2.0,2.0,210.0,96.0
98102,2,2.0,1.0,1.0,49.0,100.0
98102,3,1.0,0.0,1.0,120.0,100.0
98102,3,1.0,1.0,1.0,210.0,95.0
98102,1,1.0,1.0,1.0,62.0,87.0
98102,4,2.0,1.0,1.0,70.0,98.0
98102,2,8.0,1.0,1.0,99.0,100.0
98122,2,1.0,1.0,1.0,58.0,94.0
98102,2,1.5,1.0,1.0,81.0,93.0
98122,6,1.0,2.0,3.0,99.0,80.0
98122,4,1.0,1.0,1.0,150.0,100.0
98102,2,1.0,1.0,1.0,64.0,88.0
98102,4,2.0,2.0,2.0,160.0,95.0
98102,3,1.0,1.0,1.0,155.0,98.0
98102,2,1.0,1.0,1.0,135.0,88.0
98102,4,1.0,1.0,2.0,75.0,80.0
98102,2,1.0,1.0,1.0,120.0,97.0
98102,4,1.0,1.0,1.0,135.0,95.0
98102,2,0.5,1.0,1.0,79.0,72.0
98102,2,1.5,1.0,2.0,79.0,95.0
98102,2,1.0,1.0,1.0,220.0,100.0
98122,2,1.0,0.0,1.0,109.0,89.0
98122,4,1.0,0.0,2.0,79.0,100.0
98102,2,1.0,1.0,2.0,45.0,97.0
98102,1,1.0,1.0,1.0,58.0,95.0
98102,2,1.0,1.0,2.0,100.0,80.0
98122,2,1.0,1.0,1.0,80.0,100.0
98122,2,1.0,1.0,1.0,139.0,99.0
98102,2,1.5,1.0,1.0,169.0,97.0
98102,2,1.0,0.0,1.0,114.0,100.0
98102,4,1.0,1.0,2.0,85.0,97.0
98102,7,1.0,2.0,2.0,100.0,92.0
98102,4,1.0,1.0,1.0,125.0,96.0
98102,2,1.0,1.0,1.0,100.0,95.0
98102,1,1.0,1.0,1.0,40.0,90.0
98102,1,0.5,1.0,1.0,53.0,100.0
98102,8,2.0,2.0,3.0,250.0,96.0
98102,1,0.5,1.0,1.0,55.0,96.0
98102,1,0.5,1.0,1.0,53.0,92.0
98122,1,0.5,1.0,1.0,55.0,80.0
98102,1,0.5,1.0,1.0,49.0,70.0
98102,2,1.0,1.0,1.0,75.0,92.0
98102,2,1.0,1.0,1.0,89.0,91.0
98102,2,1.0,1.0,1.0,90.0,96.0
98102,2,1.0,1.0,1.0,250.0,100.0
98102,2,1.0,1.0,1.0,199.0,94.0
98102,2,1.0,1.0,1.0,95.0,99.0
98102,2,1.0,1.0,1.0,89.0,97.0
98102,2,1.0,1.0,1.0,110.0,93.0
98102,2,1.0,0.0,1.0,155.0,92.0
98122,1,1.0,1.0,1.0,25.0,100.0
98122,2,1.0,1.0,1.0,159.0,95.0
98102,5,1.0,1.0,3.0,125.0,95.0
98122,2,1.0,1.0,1.0,25.0,85.0
98102,5,1.0,1.0,3.0,225.0,91.0
98102,2,1.0,1.0,1.0,140.0,98.0
98102,4,1.0,1.0,2.0,89.0,89.0
98102,2,1.0,2.0,1.0,190.0,93.0
98102,2,1.0,1.0,1.0,99.0,97.0
98102,3,1.0,1.0,2.0,49.0,100.0
98102,2,1.0,1.0,1.0,100.0,94.0
98102,1,1.0,1.0,1.0,58.0,96.0
98102,6,1.0,2.0,2.0,150.0,96.0
98122,2,1.0,1.0,1.0,59.0,97.0
98102,2,1.0,1.0,1.0,65.0,100.0
98122,2,1.0,0.0,1.0,80.0,90.0
98102,2,1.0,0.0,1.0,69.0,70.0
98112,2,1.0,0.0,1.0,97.0,95.0
98122,4,1.0,1.0,1.0,174.0,98.0
98102,2,1.0,1.0,1.0,89.0,90.0
98112,2,1.0,1.0,1.0,100.0,94.0
98122,2,1.0,1.0,1.0,125.0,60.0
98102,4,2.0,2.0,2.0,130.0,80.0
98102,4,1.0,1.0,1.0,132.0,96.0
98102,4,1.0,1.0,1.0,119.0,96.0
98102,4,1.0,1.0,2.0,150.0,100.0
98102,2,1.0,1.0,2.0,115.0,95.0
98122,2,1.0,1.0,1.0,120.0,93.0
98102,2,1.0,1.0,1.0,70.0,90.0
98112,2,1.0,1.0,1.0,150.0,95.0
98102,2,1.0,1.0,1.0,145.0,93.0
98122,2,1.0,1.0,1.0,100.0,100.0
98102,4,1.0,1.0,3.0,100.0,98.0
98122,3,1.0,0.0,1.0,115.0,97.0
98102,2,1.0,1.0,1.0,149.0,98.0
98102,2,1.0,1.0,1.0,59.0,93.0
98102,2,1.0,1.0,1.0,155.0,70.0
98102,3,1.0,1.0,2.0,100.0,100.0
98122,3,1.0,1.0,1.0,175.0,100.0
98122,1,1.0,1.0,1.0,70.0,98.0
98122,5,1.0,1.0,2.0,84.0,97.0
98102,4,1.0,2.0,2.0,175.0,100.0
98122,3,1.0,1.0,1.0,167.0,96.0
98102,2,1.0,1.0,1.0,99.0,100.0
98102,2,1.0,0.0,1.0,100.0,100.0
98102,5,2.0,2.0,2.0,259.0,98.0
98102,2,1.0,1.0,1.0,139.0,97.0
98122,4,1.0,2.0,2.0,185.0,98.0
98102,3,1.0,0.0,2.0,99.0,98.0
98122,3,1.5,2.0,1.0,250.0,100.0
98122,2,1.0,1.0,1.0,85.0,94.0
98122,3,1.0,1.0,1.0,100.0,100.0
98102,2,1.0,0.0,1.0,80.0,100.0
98102,8,3.5,4.0,5.0,260.0,90.0
98102,1,1.0,1.0,1.0,125.0,100.0
98112,2,1.0,1.0,1.0,119.0,91.0
98102,4,2.5,2.0,2.0,182.0,100.0
98122,3,1.0,1.0,1.0,69.0,85.0
98102,4,1.0,1.0,1.0,90.0,84.0
98102,2,1.0,0.0,1.0,69.0,90.0
98122,6,1.0,2.0,2.0,135.0,100.0
98102,2,1.0,1.0,1.0,212.0,95.0
98102,1,1.0,1.0,1.0,47.0,94.0
98122,3,1.0,2.0,1.0,100.0,80.0
98102,4,1.0,0.0,2.0,95.0,95.0
98122,2,1.0,1.0,1.0,239.0,100.0
98102,3,1.0,1.0,2.0,75.0,60.0
98122,3,1.0,1.0,1.0,75.0,73.0
98102,3,1.0,1.0,2.0,96.0,100.0
98122,2,1.0,1.0,1.0,90.0,99.0
98102,2,1.0,1.0,1.0,80.0,95.0
98102,6,1.0,2.0,3.0,200.0,96.0
98102,5,1.0,1.0,3.0,119.0,100.0
98102,2,1.0,0.0,1.0,69.0,100.0
98102,1,1.0,1.0,1.0,69.0,100.0
98122,2,2.0,1.0,1.0,85.0,100.0
98102,2,1.0,1.0,1.0,140.0,98.0
98122,3,1.0,1.0,1.0,150.0,81.0
98102,2,1.0,0.0,1.0,100.0,100.0
98102,4,1.0,1.0,1.0,119.0,95.0
98102,8,1.5,4.0,3.0,350.0,100.0
98102,2,1.0,1.0,1.0,69.0,100.0
98102,2,2.0,1.0,2.0,48.0,83.0
98102,4,2.0,1.0,2.0,69.0,96.0
98102,2,2.0,1.0,1.0,61.0,95.0
98102,2,2.0,1.0,1.0,52.0,91.0
98102,2,1.0,1.0,1.0,95.0,99.0
98102,1,1.0,1.0,1.0,60.0,89.0
98102,5,2.5,2.0,2.0,225.0,98.0
98122,2,1.0,0.0,1.0,60.0,87.0
98102,1,1.0,1.0,1.0,75.0,97.0
98112,3,1.0,1.0,1.0,93.0,96.0
98101,4,1.0,2.0,3.0,139.0,95.0
98122,3,1.0,1.0,1.0,150.0,93.0
98122,8,2.5,2.0,3.0,350.0,99.0
98122,3,1.5,1.0,1.0,125.0,94.0
98102,2,1.0,1.0,1.0,138.0,94.0
98102,2,2.0,1.0,1.0,95.0,97.0
98102,6,1.0,1.0,3.0,39.0,100.0
98102,2,1.0,0.0,1.0,115.0,90.0
98122,2,1.0,1.0,1.0,175.0,100.0
98102,2,1.0,1.0,1.0,55.0,95.0
98102,2,1.5,1.0,1.0,82.0,94.0
98102,10,2.0,3.0,5.0,360.0,93.0
98102,2,1.0,2.0,1.0,150.0,93.0
98102,2,1.0,0.0,1.0,68.0,80.0
98122,6,2.0,2.0,3.0,600.0,100.0
98102,3,1.0,1.0,2.0,149.0,90.0
98102,3,1.0,1.0,1.0,111.0,93.0
98122,2,1.0,0.0,1.0,120.0,94.0
98122,4,1.0,1.0,2.0,96.0,92.0
98102,2,1.0,1.0,1.0,150.0,100.0
98102,2,1.0,1.0,1.0,100.0,92.0
98101,2,1.0,1.0,1.0,100.0,80.0
98122,4,1.0,1.0,2.0,105.0,87.0
98102,6,2.0,2.0,2.0,209.0,97.0
98122,5,1.0,1.0,2.0,250.0,100.0
98102,2,1.0,0.0,1.0,110.0,91.0
98102,2,1.0,0.0,1.0,125.0,87.0
98102,4,1.0,1.0,2.0,109.0,94.0
98102,6,1.0,2.0,4.0,198.0,96.0
98102,2,1.0,1.0,1.0,160.0,95.0
98102,2,1.0,1.0,1.0,126.0,100.0
98102,2,1.0,1.0,1.0,99.0,90.0
98102,4,1.0,1.0,1.0,100.0,91.0
98122,2,1.0,1.0,1.0,82.0,93.0
98102,1,1.0,1.0,1.0,80.0,80.0
98102,1,0.5,1.0,1.0,65.0,91.0
98102,4,1.0,1.0,1.0,80.0,96.0
98122,2,1.0,1.0,1.0,39.0,95.0
98122,2,1.0,1.0,1.0,125.0,99.0
98102,2,1.0,1.0,1.0,150.0,87.0
98101,1,1.0,1.0,1.0,90.0,74.0
98102,2,1.0,0.0,1.0,69.0,83.0
98102,2,1.0,1.0,1.0,104.0,100.0
98122,5,1.0,1.0,2.0,180.0,94.0
98102,2,1.0,1.0,1.0,150.0,94.0
98102,7,2.0,2.0,4.0,240.0,100.0
98122,2,1.0,0.0,1.0,70.0,100.0
98102,2,1.0,1.0,2.0,99.0,99.0
98102,16,2.0,6.0,9.0,673.0,97.0
98122,3,1.0,1.0,2.0,98.0,100.0
98102,2,2.0,1.0,1.0,63.0,99.0
98122,4,1.0,1.0,2.0,120.0,96.0
98102,2,1.5,1.0,1.0,78.0,100.0
98122,4,1.5,2.0,2.0,195.0,97.0
98122,2,1.0,1.0,1.0,200.0,100.0
98102,2,1.5,1.0,1.0,79.0,93.0
98122,4,2.0,2.0,2.0,195.0,95.0
98102,4,1.0,1.0,1.0,119.0,95.0
98122,2,1.0,1.0,1.0,75.0,98.0
98102,2,1.0,1.0,1.0,99.0,94.0
98122,2,1.0,1.0,1.0,149.0,97.0
98122,2,1.0,1.0,1.0,199.0,96.0
98102,2,1.0,0.0,1.0,69.0,80.0
98102,2,1.0,1.0,1.0,69.0,100.0
98102,1,0.5,1.0,1.0,49.0,91.0
98102,6,1.0,2.0,4.0,239.0,97.0
98102,1,0.5,1.0,1.0,49.0,93.0
98122,2,1.0,1.0,1.0,29.0,80.0
98102,2,1.0,1.0,1.0,68.0,91.0
98102,4,1.0,2.0,2.0,134.0,100.0
98102,3,1.0,1.0,1.0,169.0,94.0
98122,6,1.0,2.0,3.0,204.0,92.0
98102,3,1.0,2.0,2.0,152.0,95.0
98102,2,1.0,0.0,1.0,69.0,90.0
98102,2,1.0,1.0,1.0,81.0,100.0
98122,1,1.0,1.0,1.0,25.0,100.0
98102,3,1.0,2.0,2.0,195.0,99.0
98102,5,1.0,1.0,2.0,169.0,91.0
98102,3,1.0,0.0,1.0,95.0,100.0
98122,4,1.0,0.0,2.0,120.0,80.0
98122,5,1.0,1.0,3.0,175.0,84.0
98102,4,1.0,2.0,2.0,200.0,84.0
98122,2,1.0,0.0,1.0,129.0,100.0
98102,2,1.0,1.0,1.0,59.0,91.0
98102,2,1.0,0.0,2.0,71.0,93.0
98122,2,1.0,1.0,1.0,90.0,100.0
98101,4,1.0,1.0,2.0,140.0,97.0
98102,2,1.0,1.0,1.0,95.0,100.0
98102,2,1.0,0.0,1.0,100.0,94.0
98122,2,1.0,1.0,1.0,150.0,97.0
98102,2,1.0,1.0,1.0,89.0,97.0
98101,4,1.0,1.0,1.0,150.0,93.0
98102,2,1.0,0.0,1.0,69.0,80.0
98122,4,1.0,1.0,1.0,125.0,95.0
98112,4,1.0,1.0,2.0,110.0,100.0
98102,3,1.0,1.0,1.0,152.0,91.0
98102,1,0.5,1.0,1.0,49.0,90.0
98122,2,1.0,0.0,1.0,68.0,100.0
98102,2,1.0,1.0,1.0,100.0,92.0
98102,2,1.0,1.0,1.0,120.0,96.0
98102,2,1.0,0.0,1.0,110.0,92.0
98102,3,1.0,0.0,1.0,105.0,100.0
98102,2,1.0,1.0,1.0,82.0,92.0
98122,2,1.0,1.0,1.0,126.0,98.0
98102,1,0.5,1.0,1.0,65.0,80.0
98112,3,1.0,1.0,1.0,85.0,100.0
98102,4,1.0,2.0,2.0,199.0,97.0
98102,4,1.0,2.0,2.0,159.0,100.0
98102,2,1.0,1.0,1.0,125.0,100.0
98112,2,1.0,1.0,1.0,110.0,90.0
98102,2,1.0,1.0,1.0,100.0,94.0
98122,2,2.0,2.0,2.0,150.0,100.0
98122,4,1.0,1.0,2.0,115.0,100.0
98102,2,1.0,1.0,1.0,139.0,100.0
98102,4,1.0,0.0,2.0,100.0,86.0
98102,8,2.0,2.0,3.0,300.0,100.0
98112,2,1.0,0.0,1.0,98.0,100.0
98112,5,1.0,4.0,4.0,200.0,100.0
98102,2,1.0,1.0,1.0,60.0,92.0
98122,3,1.0,1.0,2.0,144.0,98.0
98102,2,1.0,0.0,1.0,110.0,97.0
98112,2,1.0,1.0,1.0,90.0,100.0
98122,4,1.0,1.0,1.0,189.0,100.0
98122,2,1.0,1.0,1.0,99.0,100.0
98117,3,1.5,1.0,3.0,119.0,96.0
98117,2,1.0,0.0,1.0,80.0,98.0
98117,4,1.0,1.0,4.0,105.0,100.0
98117,6,1.0,2.0,3.0,98.0,90.0
98115,2,1.0,1.0,1.0,99.0,100.0
98117,2,1.0,1.0,1.0,49.0,92.0
98117,3,1.0,1.0,1.0,90.0,93.0
98117,2,1.0,1.0,1.0,55.0,95.0
98117,4,1.0,1.0,1.0,85.0,94.0
98117,2,1.5,1.0,1.0,69.0,100.0
98117,2,1.0,1.0,1.0,75.0,100.0
98117,2,1.0,1.0,1.0,55.0,96.0
98117,3,1.0,1.0,1.0,90.0,95.0
98117,2,1.0,1.0,1.0,49.0,95.0
98117,6,1.0,2.0,3.0,115.0,98.0
98117,4,1.0,1.0,2.0,49.0,91.0
98117,5,1.0,3.0,4.0,220.0,98.0
98117,3,1.0,1.0,3.0,135.0,93.0
98117,2,1.0,1.0,1.0,79.0,94.0
98117,12,3.0,5.0,6.0,435.0,88.0
98117,4,1.0,2.0,2.0,110.0,100.0
98117,2,1.0,0.0,1.0,95.0,84.0
98117,7,1.0,2.0,3.0,105.0,95.0
98117,2,1.0,1.0,1.0,60.0,98.0
98117,4,1.0,1.0,2.0,130.0,98.0
98117,3,1.0,1.0,2.0,95.0,90.0
98117,2,1.0,1.0,1.0,75.0,81.0
98117,2,1.0,1.0,1.0,75.0,98.0
98107,8,1.0,4.0,4.0,265.0,98.0
98117,2,1.0,0.0,1.0,105.0,99.0
98117,4,1.5,2.0,3.0,100.0,100.0
98117,5,1.0,3.0,3.0,175.0,88.0
98117,2,1.0,0.0,1.0,65.0,100.0
98117,2,1.0,1.0,1.0,99.0,97.0
98117,6,1.0,2.0,3.0,150.0,97.0
98117,2,1.0,1.0,1.0,45.0,86.0
98117,2,1.0,1.0,1.0,47.0,95.0
98117,2,1.0,1.0,1.0,38.0,100.0
98117,4,1.5,1.0,1.0,150.0,96.0
98117,2,1.0,1.0,1.0,80.0,100.0
98117,2,1.0,1.0,1.0,69.0,97.0
98117,3,1.0,2.0,1.0,89.0,99.0
98117,2,1.0,1.0,1.0,70.0,100.0
98125,3,1.0,0.0,1.0,106.0,97.0
98125,2,1.0,1.0,1.0,100.0,94.0
98115,2,1.0,1.0,1.0,60.0,94.0
98125,3,1.0,1.0,1.0,70.0,85.0
98115,1,1.0,1.0,1.0,50.0,95.0
98125,2,1.0,1.0,1.0,45.0,92.0
98125,3,1.0,1.0,3.0,119.0,96.0
98125,2,1.0,1.0,1.0,200.0,100.0
98125,3,1.0,0.0,1.0,65.0,95.0
98125,2,1.0,1.0,1.0,50.0,91.0
98125,2,1.0,1.0,1.0,60.0,100.0
98125,1,1.0,1.0,1.0,60.0,100.0
98125,4,1.0,2.0,2.0,129.0,93.0
98125,2,1.0,1.0,1.0,68.0,100.0
98115,2,1.0,1.0,1.0,60.0,89.0
98125,2,1.0,1.0,1.0,51.0,98.0
98115,4,1.0,2.0,2.0,150.0,98.0
98115,4,1.0,2.0,2.0,125.0,99.0
98115,4,1.0,1.0,2.0,119.0,97.0
98115,2,1.0,1.0,1.0,87.0,95.0
98115,2,1.0,1.0,1.0,130.0,100.0
98115,8,2.5,4.0,4.0,250.0,95.0
98125,8,1.5,3.0,3.0,159.0,90.0
98115,2,1.0,1.0,1.0,60.0,94.0
98125,4,1.0,1.0,2.0,91.0,100.0
98115,2,1.0,1.0,1.0,43.0,88.0
98115,2,1.0,1.0,1.0,68.0,100.0
98125,3,1.0,1.0,1.0,70.0,80.0
98115,10,2.5,3.0,4.0,252.0,99.0
98117,2,1.0,1.0,1.0,71.0,99.0
98117,2,1.0,1.0,1.0,99.0,96.0
98117,2,1.0,1.0,1.0,140.0,98.0
98117,3,1.0,2.0,2.0,105.0,92.0
98117,4,1.0,2.0,2.0,115.0,92.0
98117,6,1.0,2.0,4.0,125.0,98.0
98117,2,1.0,1.0,1.0,90.0,95.0
98117,6,1.0,2.0,4.0,150.0,95.0
98117,4,2.0,2.0,2.0,200.0,100.0
98117,2,1.0,1.0,1.0,135.0,98.0
98117,1,1.0,1.0,1.0,35.0,97.0
98117,2,1.0,1.0,1.0,115.0,98.0
98117,2,1.0,1.0,1.0,86.0,94.0
98117,3,2.0,2.0,2.0,150.0,96.0
98117,8,2.5,3.0,3.0,225.0,100.0
98117,2,1.0,1.0,1.0,118.0,99.0
98117,2,1.0,1.0,1.0,58.0,94.0
98117,7,2.5,3.0,5.0,375.0,97.0
98117,3,1.0,2.0,1.0,89.0,94.0
98117,2,1.0,0.0,1.0,80.0,95.0
98107,2,1.0,1.0,1.0,65.0,100.0
98117,4,1.0,1.0,2.0,115.0,99.0
98117,2,1.0,1.0,1.0,69.0,96.0
98117,4,1.0,1.0,2.0,75.0,98.0
98125,2,1.0,1.0,1.0,47.0,96.0
98115,2,1.0,1.0,1.0,80.0,96.0
98125,1,1.0,1.0,1.0,60.0,90.0
98125,2,1.0,1.0,1.0,55.0,98.0
98125,8,2.0,4.0,4.0,250.0,97.0
98125,2,1.0,0.0,1.0,89.0,96.0
98115,2,1.0,0.0,1.0,68.0,100.0
98126,2,1.0,1.0,1.0,130.0,99.0
98125,1,1.0,1.0,1.0,35.0,100.0
98125,2,1.0,1.0,1.0,55.0,88.0
98125,1,1.0,1.0,1.0,65.0,95.0
98125,1,1.0,1.0,1.0,42.0,100.0
98125,2,1.0,1.0,1.0,55.0,96.0
98125,2,1.0,1.0,1.0,56.0,85.0
98125,1,1.0,1.0,1.0,50.0,95.0
98125,2,1.0,1.0,2.0,93.0,92.0
98125,2,1.0,1.0,1.0,54.0,76.0
98125,6,2.0,3.0,3.0,240.0,100.0
98125,3,1.5,1.0,3.0,62.0,96.0
98125,1,1.0,1.0,1.0,72.0,80.0
98125,2,1.0,1.0,1.0,95.0,100.0
98125,2,1.0,1.0,2.0,53.0,93.0
98115,2,2.0,1.0,1.0,65.0,100.0
98115,4,1.0,1.0,1.0,80.0,97.0
98115,2,1.0,0.0,1.0,105.0,100.0
98115,1,1.5,1.0,1.0,40.0,80.0
98115,4,1.0,2.0,2.0,93.0,95.0
98115,2,1.0,1.0,1.0,100.0,100.0
98115,2,1.0,1.0,1.0,82.0,92.0
98115,6,1.0,3.0,4.0,209.0,94.0
98115,4,1.0,1.0,2.0,109.0,100.0
98115,4,1.0,1.0,2.0,110.0,98.0
98115,4,1.0,2.0,2.0,1000.0,100.0
98115,4,1.0,0.0,2.0,80.0,100.0
98115,3,1.5,2.0,3.0,125.0,100.0
98115,6,1.0,1.0,1.0,86.0,100.0
98115,6,1.5,3.0,4.0,149.0,93.0
98115,2,1.0,1.0,1.0,84.0,80.0
98115,3,1.0,2.0,2.0,139.0,91.0
98115,1,1.5,1.0,1.0,33.0,99.0
98115,4,1.0,1.0,1.0,129.0,99.0
98115,2,1.0,1.0,2.0,59.0,87.0
98115,4,1.0,1.0,2.0,90.0,90.0
98115,1,1.0,1.0,1.0,39.0,87.0
98109,3,1.0,1.0,1.0,125.0,97.0
98119,4,1.0,1.0,1.0,65.0,92.0
98109,2,1.0,1.0,1.0,75.0,92.0
98109,2,1.0,1.0,1.0,100.0,93.0
98119,2,1.0,0.0,1.0,103.0,80.0
98119,4,1.0,1.0,1.0,105.0,98.0
98109,2,1.0,1.0,1.0,110.0,40.0
98109,4,2.0,2.0,2.0,175.0,96.0
98119,4,1.0,1.0,1.0,120.0,96.0
98109,2,1.0,1.0,1.0,95.0,97.0
98109,2,1.0,1.0,1.0,135.0,100.0
98119,5,2.0,2.0,2.0,200.0,94.0
98119,2,1.0,1.0,2.0,145.0,98.0
98119,2,1.0,1.0,1.0,96.0,100.0
98119,5,2.5,2.0,2.0,498.0,98.0
98109,3,1.0,1.0,1.0,110.0,94.0
98109,2,1.0,1.0,1.0,119.0,91.0
98109,4,1.0,1.0,2.0,119.0,100.0
98119,4,1.0,2.0,2.0,217.0,97.0
98109,4,1.0,1.0,2.0,95.0,96.0
98109,5,1.0,2.0,2.0,165.0,99.0
98109,2,1.0,1.0,1.0,200.0,100.0
98119,2,1.0,0.0,1.0,120.0,88.0
98109,5,2.0,3.0,3.0,275.0,100.0
98121,2,1.0,0.0,1.0,103.0,81.0
98119,2,1.0,1.0,1.0,200.0,91.0
98109,2,1.0,1.0,1.0,120.0,100.0
98109,3,1.0,1.0,2.0,200.0,96.0
98109,4,1.0,1.0,1.0,115.0,100.0
98119,3,1.5,1.0,1.0,125.0,91.0
98109,2,1.0,0.0,1.0,115.0,100.0
98109,4,1.0,1.0,2.0,95.0,96.0
98109,2,1.0,1.0,1.0,80.0,90.0
98119,2,1.0,1.0,1.0,130.0,93.0
98109,2,1.0,1.0,1.0,130.0,91.0
98109,2,1.0,1.0,1.0,72.0,89.0
98109,6,3.0,3.0,3.0,275.0,97.0
98109,2,1.0,1.0,1.0,80.0,93.0
98119,2,1.0,1.0,1.0,75.0,100.0
98119,2,1.0,0.0,1.0,95.0,98.0
98109,6,3.5,3.0,5.0,310.0,100.0
98109,1,1.0,1.0,1.0,38.0,100.0
98119,4,1.0,2.0,2.0,189.0,91.0
98109,2,1.0,1.0,1.0,205.0,100.0
98109,2,1.0,1.0,1.0,199.0,100.0
98109,2,1.0,1.0,1.0,67.0,100.0
98119,2,1.0,1.0,1.0,72.0,97.0
98109,2,1.0,0.0,1.0,175.0,93.0
98109,3,1.0,1.0,1.0,97.0,100.0
98109,2,1.0,2.0,2.0,200.0,85.0
98119,4,2.0,2.0,2.0,190.0,100.0
98119,1,1.0,1.0,1.0,100.0,100.0
98109,2,1.0,1.0,1.0,99.0,93.0
98109,2,1.0,1.0,1.0,99.0,97.0
98109,2,1.0,1.0,1.0,119.0,100.0
98119,2,1.0,1.0,1.0,225.0,99.0
98109,2,1.0,1.0,1.0,100.0,98.0
98119,4,1.0,1.0,3.0,195.0,98.0
98119,2,1.0,0.0,1.0,85.0,90.0
98109,2,1.5,1.0,1.0,190.0,100.0
98119,2,1.0,0.0,1.0,119.0,96.0
98119,2,1.0,1.0,1.0,145.0,100.0
98109,2,1.0,1.0,1.0,220.0,100.0
98119,3,1.0,1.0,1.0,99.0,100.0
98119,4,1.0,1.0,2.0,125.0,94.0
98119,2,1.0,1.0,1.0,75.0,95.0
98109,2,1.0,1.0,1.0,145.0,93.0
98109,3,1.0,0.0,2.0,90.0,97.0
98109,2,1.0,1.0,1.0,76.0,98.0
98109,2,1.0,1.0,1.0,150.0,100.0
98109,2,1.0,1.0,1.0,93.0,95.0
98109,2,1.0,0.0,1.0,89.0,97.0
98109,2,1.0,1.0,1.0,160.0,100.0
98115,1,1.0,1.0,1.0,65.0,88.0
98115,4,1.0,1.0,2.0,100.0,92.0
98115,5,1.5,2.0,3.0,98.0,95.0
98115,6,1.0,3.0,4.0,250.0,88.0
98115,1,1.0,1.0,1.0,65.0,95.0
98115,4,1.0,1.0,2.0,75.0,97.0
98115,2,1.0,0.0,1.0,100.0,100.0
98115,1,1.0,1.0,1.0,60.0,94.0
98115,2,1.0,1.0,1.0,48.0,93.0
98115,2,1.0,1.0,1.0,48.0,93.0
98115,1,1.0,1.0,1.0,60.0,92.0
98115,5,2.0,2.0,2.0,125.0,100.0
98115,6,1.0,3.0,3.0,200.0,100.0
98117,2,1.0,1.0,1.0,85.0,95.0
98117,2,1.5,1.0,1.0,75.0,100.0
98117,2,1.0,0.0,1.0,75.0,96.0
98117,2,1.0,0.0,1.0,80.0,100.0
98117,5,1.0,2.0,2.0,180.0,90.0
98177,6,1.5,3.0,3.0,240.0,100.0
98117,4,1.0,2.0,2.0,275.0,90.0
98177,4,1.0,2.0,3.0,108.0,100.0
98117,2,0.5,1.0,1.0,150.0,98.0
98117,3,1.0,1.0,2.0,75.0,97.0
98177,8,1.0,3.0,3.0,99.0,100.0
98125,5,1.0,3.0,3.0,110.0,87.0
98125,2,1.0,1.0,1.0,92.0,100.0
98125,2,1.0,1.0,2.0,70.0,100.0
98125,1,1.0,1.0,1.0,80.0,80.0
98125,6,2.5,3.0,3.0,250.0,100.0
98125,2,1.0,1.0,1.0,89.0,95.0
98133,2,1.0,1.0,1.0,90.0,100.0
98133,2,1.0,1.0,1.0,50.0,100.0
98133,4,1.5,1.0,2.0,170.0,100.0
98133,1,1.0,1.0,1.0,45.0,91.0
98133,2,1.0,1.0,1.0,39.0,89.0
98133,4,1.0,1.0,1.0,78.0,100.0
98133,5,1.0,1.0,1.0,60.0,98.0
98133,2,1.0,1.0,1.0,65.0,91.0
98133,4,1.5,2.0,2.0,90.0,100.0
98133,4,1.5,1.0,1.0,64.0,86.0
98133,8,3.0,3.0,4.0,190.0,84.0
98133,2,1.0,1.0,1.0,39.0,100.0
98117,2,1.0,1.0,1.0,77.0,95.0
98107,2,1.0,1.0,2.0,75.0,95.0
98107,2,1.0,1.0,1.0,75.0,95.0
98107,2,1.5,1.0,1.0,55.0,97.0
98107,2,1.0,1.0,1.0,70.0,95.0
98107,2,1.0,1.0,1.0,85.0,92.0
98117,2,1.0,0.0,2.0,85.0,100.0
98117,6,2.5,3.0,3.0,350.0,100.0
98117,3,1.0,1.0,2.0,92.0,100.0
98107,5,2.5,2.0,2.0,200.0,93.0
98117,2,1.0,1.0,1.0,50.0,100.0
98117,5,2.0,3.0,3.0,150.0,90.0
98117,6,2.0,3.0,4.0,475.0,97.0
98107,5,3.0,3.0,3.0,375.0,93.0
98107,4,2.5,3.0,2.0,350.0,100.0
98133,2,1.0,1.0,1.0,75.0,88.0
98133,4,1.0,2.0,2.0,119.0,99.0
98133,4,1.5,2.0,2.0,125.0,98.0
98133,8,2.0,3.0,5.0,200.0,93.0
98125,6,1.0,2.0,3.0,108.0,92.0
98125,4,1.0,1.0,1.0,125.0,99.0
98133,2,1.0,1.0,1.0,70.0,87.0
98125,4,1.0,1.0,1.0,70.0,85.0
98133,6,1.0,2.0,4.0,98.0,100.0
98133,2,1.0,1.0,1.0,100.0,97.0
98133,4,1.0,1.0,2.0,80.0,80.0
98125,6,1.0,2.0,2.0,139.0,93.0
98125,8,1.0,2.0,1.0,150.0,80.0
98125,2,2.0,1.0,2.0,55.0,100.0
98125,6,1.5,2.0,2.0,125.0,84.0
98103,2,1.0,1.0,1.0,150.0,90.0
98103,4,1.0,1.0,1.0,95.0,96.0
98133,2,1.0,1.0,1.0,88.0,100.0
98133,4,1.0,3.0,4.0,100.0,87.0
98103,3,2.5,1.0,1.0,50.0,100.0
98103,2,1.0,1.0,1.0,96.0,97.0
98103,4,1.0,2.0,2.0,85.0,98.0
98103,6,1.0,3.0,3.0,189.0,90.0
98103,2,1.0,1.0,1.0,55.0,94.0
98103,2,1.5,1.0,1.0,50.0,100.0
98103,2,1.0,1.0,1.0,65.0,100.0
98103,4,1.0,0.0,2.0,79.0,100.0
98103,2,1.0,1.0,1.0,55.0,100.0
98103,2,1.0,1.0,1.0,65.0,98.0
98103,2,1.0,1.0,1.0,95.0,99.0
98117,4,1.0,2.0,2.0,100.0,88.0
98103,4,1.0,1.0,2.0,135.0,96.0
98103,2,1.0,1.0,1.0,87.0,100.0
98117,2,1.0,1.0,2.0,97.0,94.0
98117,2,1.0,1.0,1.0,78.0,84.0
98103,6,2.0,3.0,3.0,150.0,100.0
98117,6,1.0,2.0,2.0,95.0,93.0
98103,16,4.0,7.0,10.0,375.0,100.0
98107,4,1.0,3.0,2.0,325.0,94.0
98117,2,3.0,1.0,1.0,60.0,100.0
98117,2,1.0,1.0,1.0,50.0,100.0
98103,2,1.0,1.0,1.0,120.0,95.0
98117,4,1.0,1.0,3.0,88.0,100.0
98103,4,1.0,1.0,2.0,150.0,94.0
98103,6,1.0,2.0,1.0,195.0,100.0
98103,3,2.0,1.0,2.0,50.0,97.0
98103,5,2.5,2.0,3.0,250.0,94.0
98103,2,1.0,1.0,1.0,87.0,94.0
98103,2,1.5,1.0,1.0,70.0,97.0
98117,8,2.0,3.0,4.0,175.0,100.0
98103,6,1.5,3.0,3.0,165.0,95.0
98103,4,1.0,1.0,1.0,120.0,96.0
98117,8,2.0,3.0,5.0,239.0,80.0
98103,4,1.0,2.0,2.0,200.0,99.0
98117,4,1.0,1.0,2.0,135.0,100.0
98103,4,1.0,2.0,3.0,155.0,100.0
98103,5,1.0,3.0,3.0,78.0,89.0
98107,2,1.0,1.0,1.0,50.0,95.0
98103,5,1.0,1.0,2.0,90.0,98.0
98103,4,1.0,2.0,2.0,151.0,98.0
98103,2,1.0,1.0,1.0,75.0,97.0
98107,4,1.0,2.0,2.0,189.0,94.0
98103,2,1.0,0.0,1.0,85.0,97.0
98103,5,2.0,3.0,3.0,112.0,96.0
98103,6,1.0,2.0,5.0,100.0,94.0
98103,4,1.0,1.0,1.0,150.0,84.0
98103,3,1.0,1.0,1.0,55.0,97.0
98107,2,1.0,1.0,1.0,80.0,99.0
98103,6,1.0,1.0,3.0,95.0,97.0
98107,2,1.0,1.0,1.0,50.0,95.0
98117,6,1.0,3.0,3.0,190.0,95.0
98103,4,1.0,2.0,2.0,145.0,94.0
98107,2,1.0,1.0,1.0,90.0,97.0
98103,8,3.5,4.0,3.0,349.0,80.0
98117,4,1.0,2.0,2.0,150.0,100.0
98103,6,1.0,2.0,3.0,105.0,100.0
98117,2,1.0,1.0,1.0,95.0,98.0
98117,4,1.0,1.0,2.0,85.0,94.0
98117,4,1.0,1.0,1.0,100.0,96.0
98103,2,1.0,1.0,1.0,67.0,99.0
98103,2,1.0,0.0,1.0,75.0,95.0
98117,2,1.0,0.0,1.0,69.0,91.0
98117,3,1.0,1.0,1.0,96.0,96.0
98103,2,1.5,1.0,1.0,60.0,94.0
98103,2,1.0,0.0,1.0,95.0,93.0
98107,3,1.0,1.0,1.0,100.0,91.0
98107,2,1.0,1.0,1.0,55.0,97.0
98105,4,1.0,2.0,2.0,130.0,96.0
98115,2,1.0,1.0,1.0,125.0,99.0
98105,4,1.0,2.0,2.0,200.0,100.0
98105,12,3.5,5.0,7.0,400.0,90.0
98105,4,1.0,1.0,1.0,165.0,97.0
98105,2,1.0,1.0,1.0,117.0,100.0
98105,2,1.0,1.0,1.0,85.0,98.0
98105,2,1.0,1.0,1.0,62.0,91.0
98105,2,1.0,0.0,2.0,100.0,95.0
98105,2,1.0,1.0,1.0,100.0,100.0
98105,2,1.0,1.0,1.0,60.0,97.0
98105,4,1.0,2.0,4.0,185.0,99.0
98105,2,1.0,1.0,1.0,99.0,98.0
98105,4,1.0,1.0,2.0,125.0,98.0
98105,2,1.0,1.0,1.0,60.0,100.0
98105,4,2.0,2.0,2.0,100.0,90.0
98105,2,1.0,1.0,1.0,55.0,94.0
98199,2,1.0,1.0,1.0,550.0,100.0
98199,2,1.0,1.0,1.0,75.0,96.0
98199,2,1.0,1.0,1.0,95.0,90.0
98199,2,1.0,0.0,1.0,150.0,98.0
98199,2,1.0,1.0,1.0,110.0,93.0
98199,4,1.0,1.0,2.0,228.0,96.0
98199,6,2.0,2.0,3.0,110.0,100.0
98199,6,3.5,3.0,3.0,950.0,96.0
98199,4,1.5,2.0,3.0,225.0,100.0
98199,6,1.5,3.0,3.0,250.0,98.0
98199,4,1.0,1.0,1.0,150.0,98.0
98199,2,1.5,1.0,1.0,48.0,100.0
98199,8,3.0,3.0,4.0,330.0,100.0
98199,2,1.0,1.0,1.0,125.0,96.0
98106,2,1.0,1.0,1.0,70.0,100.0
98106,2,1.0,1.0,1.0,70.0,100.0
98106,2,1.0,1.0,1.0,72.0,96.0
98126,4,1.0,2.0,2.0,99.0,94.0
98126,4,1.0,2.0,2.0,78.0,91.0
98106,5,1.0,3.0,3.0,250.0,98.0
98126,2,1.0,1.0,1.0,39.0,99.0
98106,6,1.0,3.0,3.0,95.0,93.0
98106,4,1.0,2.0,3.0,102.0,80.0
98126,2,1.0,1.0,1.0,60.0,96.0
98126,4,1.5,1.0,3.0,49.0,97.0
98136,2,1.0,1.0,1.0,60.0,94.0
98136,2,1.0,1.0,1.0,79.0,97.0
98136,2,1.0,0.0,1.0,76.0,96.0
98136,2,1.0,1.0,1.0,110.0,96.0
98136,2,1.0,1.0,1.0,59.0,96.0
98136,7,1.0,2.0,2.0,195.0,89.0
98116,3,1.0,1.0,2.0,85.0,100.0
98136,7,2.0,3.0,4.0,200.0,96.0
98116,4,1.0,2.0,2.0,109.0,91.0
98116,4,1.0,2.0,2.0,200.0,100.0
98136,6,1.0,2.0,4.0,135.0,94.0
98108,2,3.0,1.0,1.0,70.0,92.0
98108,2,3.0,1.0,1.0,90.0,91.0
98108,2,1.0,1.0,1.0,50.0,97.0
98108,4,1.0,1.0,1.0,99.0,100.0
98108,2,3.0,1.0,1.0,70.0,93.0
98108,2,1.0,1.0,1.0,65.0,96.0
98108,2,1.0,1.0,1.0,90.0,92.0
98108,2,3.0,1.0,1.0,75.0,90.0
98108,4,1.0,2.0,3.0,105.0,88.0
98126,4,1.0,2.0,3.0,125.0,96.0
98126,2,1.0,1.0,1.0,60.0,90.0
98106,3,1.0,1.0,2.0,65.0,93.0
98106,3,1.0,1.0,1.0,58.0,95.0
98106,4,1.0,1.0,2.0,120.0,92.0
98106,4,1.0,1.0,1.0,150.0,99.0
98106,2,1.0,1.0,1.0,55.0,97.0
98106,4,1.0,2.0,2.0,110.0,93.0
98106,2,1.0,1.0,1.0,75.0,92.0
98106,2,1.0,1.0,1.0,53.0,92.0
98106,4,2.0,2.0,2.0,129.0,100.0
98112,2,1.0,1.0,1.0,30.0,92.0
98112,2,1.0,1.0,1.0,70.0,100.0
98112,2,1.0,1.0,1.0,80.0,100.0
98112,2,1.0,1.0,1.0,125.0,94.0
98112,4,1.0,1.0,1.0,95.0,80.0
98112,8,2.5,4.0,4.0,285.0,100.0
98112,2,1.0,1.0,1.0,109.0,100.0
98112,2,1.0,1.0,1.0,80.0,80.0
98112,2,2.0,1.0,1.0,200.0,100.0
98112,3,1.0,1.0,2.0,70.0,89.0
98112,4,1.0,1.0,1.0,139.0,100.0
98112,2,1.0,1.0,1.0,75.0,95.0
98112,2,1.5,1.0,1.0,150.0,100.0
98112,5,1.5,2.0,2.0,215.0,93.0
98112,5,1.0,2.0,3.0,250.0,96.0
98112,5,2.0,2.0,2.0,139.0,100.0
98112,4,1.0,2.0,2.0,104.0,87.0
98112,2,2.5,2.0,2.0,125.0,95.0
98112,1,3.5,1.0,1.0,33.0,94.0
98112,1,3.5,1.0,1.0,27.0,94.0
98112,1,3.5,1.0,1.0,29.0,100.0
98112,1,1.0,1.0,1.0,29.0,94.0
98112,1,3.5,1.0,1.0,29.0,89.0
98112,1,1.0,1.0,1.0,30.0,92.0
98112,2,1.5,1.0,1.0,65.0,99.0
98122,2,5.0,1.0,1.0,125.0,93.0
98112,2,1.0,1.0,1.0,84.0,96.0
98102,2,1.0,1.0,1.0,70.0,95.0
98112,2,1.0,1.0,1.0,40.0,93.0
98112,2,1.0,1.0,1.0,75.0,98.0
98122,2,1.0,1.0,1.0,155.0,98.0
98122,1,5.0,1.0,1.0,145.0,97.0
98122,2,1.0,1.0,1.0,165.0,90.0
98112,2,1.0,1.0,1.0,65.0,91.0
98112,2,1.0,1.0,1.0,125.0,94.0
98112,2,1.0,0.0,1.0,140.0,98.0
98112,2,1.0,1.0,1.0,120.0,100.0
98112,2,1.0,1.0,1.0,100.0,100.0
98112,2,1.0,1.0,1.0,45.0,97.0
98112,4,2.0,2.0,2.0,300.0,100.0
98112,2,1.0,1.0,1.0,150.0,98.0
98112,2,1.0,0.0,1.0,99.0,97.0
98112,4,1.0,2.0,2.0,139.0,99.0
98122,2,1.0,1.0,1.0,100.0,94.0
98112,4,1.0,1.0,2.0,180.0,91.0
98112,1,1.0,1.0,1.0,30.0,91.0
98112,4,1.5,2.0,2.0,300.0,100.0
98112,2,1.0,1.0,1.0,51.0,94.0
98112,2,1.0,1.0,1.0,70.0,94.0
98112,2,1.0,0.0,1.0,104.0,80.0
98112,1,3.0,1.0,1.0,80.0,98.0
98112,4,1.0,1.0,2.0,150.0,93.0
98112,4,1.0,1.0,2.0,125.0,94.0
98112,2,1.0,1.0,1.0,200.0,84.0
98112,4,1.0,2.0,2.0,115.0,100.0
98112,2,1.0,0.0,1.0,85.0,94.0
98112,2,1.0,1.0,1.0,120.0,93.0
98112,6,1.5,3.0,3.0,400.0,100.0
98112,1,2.0,1.0,1.0,95.0,100.0
98112,14,3.5,6.0,9.0,545.0,100.0
98112,4,2.0,2.0,2.0,250.0,96.0
98112,2,1.0,1.0,1.0,150.0,100.0
98122,2,1.0,1.0,1.0,22.0,100.0
98112,4,1.0,0.0,1.0,120.0,100.0
98122,5,2.0,2.0,2.0,140.0,100.0
98112,5,1.0,2.0,2.0,125.0,100.0
98122,4,2.5,2.0,2.0,126.0,93.0
98112,1,1.0,1.0,1.0,150.0,100.0
98112,4,1.0,1.0,2.0,129.0,94.0
98112,2,1.0,0.0,1.0,125.0,98.0
98112,6,2.0,2.0,3.0,250.0,100.0
98112,6,1.0,2.0,4.0,220.0,96.0
98112,6,1.0,3.0,3.0,165.0,98.0
98112,2,1.0,0.0,1.0,88.0,94.0
98112,9,4.5,5.0,5.0,450.0,100.0
98122,1,3.0,1.0,1.0,105.0,92.0
98102,8,2.0,3.0,5.0,295.0,99.0
98112,2,1.0,1.0,1.0,65.0,93.0
98112,7,3.0,3.0,5.0,158.0,85.0
98112,5,1.0,2.0,2.0,125.0,100.0
98112,4,1.0,2.0,2.0,125.0,100.0
98122,2,1.0,1.0,1.0,80.0,100.0
98112,1,3.5,1.0,1.0,31.0,95.0
98112,4,1.0,1.0,1.0,115.0,84.0
98112,1,3.5,1.0,1.0,29.0,90.0
98112,1,3.5,1.0,1.0,29.0,90.0
98122,4,2.5,2.0,2.0,120.0,96.0
98122,2,1.0,1.0,1.0,135.0,97.0
98112,4,1.5,2.0,3.0,125.0,70.0
98122,2,2.0,1.0,1.0,80.0,97.0
98122,3,1.0,1.0,1.0,125.0,82.0
98122,2,1.5,1.0,1.0,97.0,95.0
98122,6,2.5,2.0,3.0,300.0,95.0
98122,2,1.0,1.0,1.0,95.0,100.0
98112,4,1.0,2.0,3.0,135.0,80.0
98112,1,3.5,1.0,1.0,30.0,100.0
98122,4,1.0,0.0,3.0,92.0,100.0
98112,2,1.0,1.0,1.0,80.0,96.0
98112,1,3.5,1.0,1.0,30.0,99.0
98112,2,1.0,0.0,2.0,90.0,98.0
98112,2,1.0,1.0,1.0,65.0,98.0
98112,1,1.0,1.0,1.0,31.0,85.0
98112,2,1.0,0.0,1.0,139.0,94.0
98112,2,1.0,1.0,1.0,135.0,92.0
98112,2,1.0,0.0,1.0,83.0,100.0
98112,2,1.0,1.0,1.0,85.0,93.0
98112,2,1.0,1.0,1.0,195.0,96.0
98112,9,2.5,3.0,6.0,450.0,100.0
98112,3,1.0,1.0,1.0,98.0,94.0
98177,2,1.0,1.0,1.0,45.0,100.0
98177,4,1.0,1.0,2.0,125.0,96.0
98133,2,1.5,1.0,1.0,75.0,98.0
98177,3,1.0,1.0,1.0,99.0,100.0
98177,6,1.0,2.0,3.0,49.0,94.0
98177,4,1.0,1.0,2.0,67.0,100.0
98117,3,1.0,1.0,2.0,105.0,95.0
98177,6,2.0,3.0,4.0,195.0,98.0
98133,6,1.0,2.0,3.0,125.0,95.0
98133,2,1.0,1.0,2.0,65.0,91.0
98133,2,1.0,1.0,1.0,125.0,100.0
98177,2,1.0,1.0,1.0,39.0,92.0
98133,4,2.0,1.0,1.0,68.0,93.0
98177,6,1.0,0.0,4.0,120.0,91.0
98133,2,2.0,1.0,1.0,86.0,99.0
98177,1,2.0,1.0,1.0,39.0,100.0
98103,2,1.0,1.0,1.0,200.0,89.0
98103,3,1.0,1.0,1.0,84.0,90.0
98103,2,1.0,1.0,1.0,150.0,100.0
98103,2,1.0,1.0,1.0,82.0,100.0
98103,2,1.0,1.0,1.0,140.0,97.0
98107,2,1.0,1.0,2.0,99.0,99.0
98107,2,3.0,1.0,1.0,75.0,95.0
98103,4,1.0,2.0,2.0,125.0,93.0
98107,4,1.0,1.0,1.0,138.0,96.0
98103,2,1.5,1.0,1.0,65.0,98.0
98103,4,3.5,3.0,3.0,250.0,96.0
98107,5,1.0,2.0,2.0,180.0,90.0
98103,2,1.0,0.0,1.0,129.0,98.0
98103,2,1.0,1.0,1.0,61.0,98.0
98103,8,2.5,3.0,3.0,275.0,96.0
98107,4,1.0,1.0,2.0,59.0,100.0
98103,5,2.0,3.0,4.0,500.0,80.0
98103,3,1.0,1.0,2.0,200.0,95.0
98103,2,1.0,1.0,1.0,95.0,94.0
98103,2,1.0,1.0,1.0,99.0,94.0
98103,1,1.0,1.0,1.0,55.0,91.0
98107,3,1.0,1.0,1.0,105.0,98.0
98103,2,1.0,1.0,1.0,75.0,95.0
98103,1,1.0,1.0,1.0,52.0,99.0
98103,2,1.0,1.0,1.0,57.0,94.0
98103,3,1.0,1.0,2.0,54.0,94.0
98103,3,1.0,1.0,2.0,50.0,94.0
98103,2,1.0,1.0,1.0,67.0,96.0
98103,2,1.0,1.0,1.0,43.0,88.0
98103,1,1.5,1.0,1.0,97.0,99.0
98107,2,1.0,1.0,1.0,55.0,94.0
98103,2,1.0,1.0,1.0,69.0,100.0
98103,2,1.0,1.0,1.0,99.0,97.0
98103,6,1.0,2.0,4.0,149.0,94.0
98103,4,1.0,1.0,3.0,97.0,95.0
98103,2,1.0,1.0,1.0,45.0,94.0
98103,8,3.0,4.0,4.0,450.0,100.0
98103,1,1.0,1.0,1.0,49.0,100.0
98103,2,1.0,1.0,2.0,68.0,92.0
98103,2,1.0,1.0,1.0,75.0,96.0
98103,4,1.0,1.0,2.0,120.0,80.0
98103,5,1.0,1.0,2.0,125.0,91.0
98103,12,3.0,4.0,6.0,300.0,100.0
98103,3,1.0,0.0,1.0,115.0,100.0
98103,4,1.0,2.0,2.0,185.0,95.0
98103,6,1.0,2.0,6.0,149.0,95.0
98103,2,1.0,1.0,1.0,52.0,96.0
98107,2,1.0,0.0,1.0,75.0,100.0
98103,2,1.0,1.0,1.0,70.0,100.0
98103,4,1.0,2.0,3.0,125.0,96.0
98103,3,1.0,1.0,1.0,99.0,90.0
98103,2,1.0,1.0,1.0,100.0,97.0
98103,2,1.0,1.0,1.0,60.0,100.0
98107,6,1.5,3.0,3.0,275.0,95.0
98103,2,1.0,1.0,1.0,232.0,100.0
98103,2,1.0,0.0,1.0,95.0,99.0
98103,6,2.5,3.0,4.0,200.0,90.0
98103,2,1.0,1.0,1.0,50.0,86.0
98103,2,1.0,1.0,1.0,85.0,97.0
98103,2,1.0,1.0,1.0,90.0,99.0
98103,3,1.0,1.0,1.0,89.0,94.0
98107,2,1.0,1.0,1.0,65.0,91.0
98103,2,1.5,1.0,1.0,125.0,96.0
98103,2,1.0,1.0,1.0,67.0,95.0
98103,3,1.0,2.0,2.0,100.0,90.0
98107,4,2.0,2.0,2.0,150.0,97.0
98103,4,1.0,1.0,2.0,115.0,93.0
98103,6,2.5,3.0,3.0,210.0,100.0
98103,3,1.0,2.0,1.0,195.0,94.0
98103,1,1.0,1.0,1.0,59.0,96.0
98107,4,1.0,1.0,2.0,110.0,96.0
98103,6,2.5,3.0,4.0,235.0,97.0
98107,2,1.0,1.0,1.0,115.0,98.0
98107,6,1.5,3.0,3.0,400.0,100.0
98103,1,1.0,1.0,1.0,62.0,100.0
98103,2,1.0,1.0,1.0,135.0,100.0
98103,4,1.0,1.0,4.0,119.0,100.0
98103,4,1.0,2.0,2.0,200.0,99.0
98103,4,1.0,2.0,2.0,160.0,96.0
98103,8,2.5,3.0,3.0,400.0,100.0
98103,4,1.0,2.0,2.0,225.0,95.0
98103,7,1.0,3.0,7.0,240.0,93.0
98103,1,1.5,1.0,1.0,50.0,100.0
98103,3,1.0,1.0,2.0,165.0,100.0
98107,6,2.5,3.0,4.0,350.0,94.0
98103,3,1.5,2.0,2.0,150.0,100.0
98103,4,2.5,3.0,3.0,150.0,100.0
98103,2,1.0,1.0,1.0,85.0,93.0
98103,6,1.0,2.0,3.0,150.0,88.0
98103,5,1.0,1.0,5.0,79.0,95.0
98103,3,1.0,1.0,2.0,76.0,100.0
98107,3,1.0,1.0,2.0,78.0,100.0
98103,4,1.0,2.0,2.0,135.0,100.0
98103,2,1.0,0.0,1.0,105.0,98.0
98103,2,1.0,1.0,1.0,99.0,96.0
98103,1,1.0,1.0,1.0,65.0,100.0
98103,8,2.5,3.0,3.0,325.0,96.0
98107,4,1.0,3.0,5.0,99.0,92.0
98107,3,1.0,1.0,1.0,149.0,96.0
98103,3,1.0,1.0,2.0,79.0,98.0
98103,1,1.0,1.0,1.0,40.0,100.0
98103,2,1.0,1.0,1.0,115.0,99.0
98103,4,1.0,1.0,2.0,120.0,96.0
98103,6,1.0,2.0,3.0,150.0,100.0
98103,2,1.0,1.0,1.0,68.0,98.0
98103,3,1.0,1.0,2.0,99.0,97.0
98103,2,1.0,1.0,1.0,90.0,88.0
98107,2,1.0,1.0,1.0,110.0,95.0
98103,3,1.0,1.0,1.0,80.0,96.0
98103,1,1.5,1.0,1.0,87.0,98.0
98103,6,2.5,3.0,4.0,260.0,98.0
98103,4,1.0,1.0,2.0,115.0,99.0
98103,2,1.0,1.0,1.0,60.0,90.0
98103,6,1.0,2.0,3.0,175.0,98.0
98107,2,1.0,1.0,1.0,85.0,100.0
98107,4,1.0,0.0,2.0,109.0,98.0
98107,2,1.0,1.0,1.0,107.0,90.0
98103,4,1.0,0.0,1.0,200.0,98.0
98107,2,1.0,1.0,1.0,85.0,98.0
98103,2,1.0,0.0,1.0,70.0,100.0
98103,2,1.0,1.0,1.0,77.0,98.0
98103,2,1.0,1.0,1.0,65.0,95.0
98107,2,1.0,1.0,1.0,108.0,100.0
98103,16,3.5,4.0,10.0,250.0,95.0
98103,2,1.0,0.0,1.0,125.0,95.0
98107,6,1.0,2.0,2.0,100.0,98.0
98103,4,1.0,2.0,2.0,160.0,100.0
98103,2,1.0,0.0,1.0,109.0,97.0
98103,6,2.0,3.0,3.0,175.0,96.0
98103,4,1.0,1.0,1.0,120.0,80.0
98103,5,1.0,2.0,3.0,154.0,92.0
98103,3,1.0,1.0,1.0,65.0,100.0
98107,4,1.0,1.0,2.0,95.0,96.0
98107,6,2.0,3.0,3.0,359.0,80.0
98102,4,1.0,1.0,2.0,79.0,100.0
